0.01,0.05,1.01
0.11,-0.01,1.11
0.08,-0.03,1.09
0.18,-0.11,1.02
0.17,-0.11,0.95
-0.01,-0.08,0.93
0.17,0.02,0.97
0.17,-0.02,1.07
0.1,-0.13,1.07
-0.03,-0.12,1.01
0.08,-0.07,0.9
-0.02,0.04,0.86
0.04,-0.12,1.02
0.05,-0.01,1.1
0.13,-0.14,1.08
0.12,-0.09,1.12
0.06,-0.03,0.85
0.1,-0.07,0.91
0.07,-0.04,1.09
0.14,-0.13,1.11
0,-0.03,0.97
-0.04,0.04,0.87
0.03,0.02,1.01
0.1,-0.06,1.07
0.17,-0.18,1.15
0.18,-0.08,0.93
0.19,-0.05,1.01
0.17,0.03,0.85
0.2,-0.04,0.92
0.17,-0.02,1.03
0.19,-0.11,1.09
0.08,-0.05,1.02
0.15,-0.12,0.91
0.14,-0.11,0.92
0.16,-0.06,0.97
0.21,-0.05,1.11
0.23,-0.09,1.14
0.23,-0.13,1.02
0.23,-0.1,0.94
0.17,-0.01,0.8
0.15,-0.09,1
0.13,-0.11,1.11
0.14,-0.23,1.14
-0.01,-0.02,1
0.06,-0.04,0.91
0.06,0.04,0.78
0.11,-0.04,1.07
0.17,-0.09,1.2
0.15,-0.11,1.05
0.19,-0.15,1.05
0.05,0.05,0.72
0.13,-0.04,0.92
0.14,-0.05,1.06
0.09,-0.14,1.19
0,-0.02,1.05
0.08,-0.1,0.93
0.06,0.07,0.81
0.14,-0.03,1.04
0.09,0.05,1.09
0.2,-0.09,1.17
0.19,-0.08,1.1
0.13,-0.04,0.85
0.12,0.02,0.87
0.15,-0.02,1.07
0.16,-0.24,1.01
0.07,-0.18,0.89
0.03,-0.19,1
0.03,0.03,0.74
0.06,0.06,0.97
0.16,-0.02,1.22
0.19,-0.08,1.11
0.09,0.04,0.99
0.14,-0.06,0.85
0.09,0.08,0.81
0.19,0.01,1.01
0.2,-0.07,1.2
0.07,-0.02,1.13
0.15,-0.16,0.91
0.05,0.03,0.74
0.07,0.07,0.99
0.11,0.03,1.28
0.18,-0.28,1.07
0.16,-0.17,1
0.16,-0.1,0.86
0.11,0.03,0.89
0.3,-0.02,1.17
0.23,0,1.24
-0.02,-0.09,0.84
0.15,-0.22,1.02
0.13,0.02,0.65
0.08,-0.02,0.96
0.1,0.01,1.17
0.1,-0.01,1.18
0.07,-0.03,0.98
0.18,0.01,0.92
0.17,-0.04,0.84
0.2,-0.08,0.99
0.16,-0.09,1.12
0.16,-0.08,1.05
0.17,-0.09,1.14
0.11,0.04,0.85
0.08,0.1,0.88
0.18,0.06,1.06
0.21,-0.02,1.14
0.27,-0.07,1.08
0.26,-0.03,0.91
0.13,0.06,0.76
0.24,-0.03,0.98
0.25,-0.04,1.15
0.19,0.01,1.01
0.17,-0.08,1.11
0.13,0.01,0.81
0.09,0.06,0.87
0.14,0.03,1.08
0.19,-0.04,1.18
0.18,0.01,0.95
0.28,-0.08,0.97
0.18,0,0.78
0.27,-0.02,0.98
0.25,-0.06,1.13
0.24,-0.08,1.15
0.13,-0.05,1.05
0.16,0.05,0.81
0.12,0.09,0.87
0.17,0.05,1.01
0.24,-0.04,1.14
0.2,-0.11,1.06
0.2,-0.09,1.02
0.14,0.03,0.77
0.2,0.03,0.94
0.23,-0.05,1.04
0.21,-0.2,1.23
0.08,-0.04,1
0.14,-0.04,0.83
0.11,0.07,0.82
0.15,0,1.05
0.19,-0.07,1.21
0.26,-0.13,1.05
0.22,-0.09,1.07
0.16,0.01,0.77
0.19,-0.02,0.91
0.24,-0.08,1.14
0.23,-0.11,1.24
0.1,-0.08,1.05
0.13,-0.04,0.76
0.1,0.07,0.82
0.15,-0.02,1.09
0.15,-0.07,1.14
0.14,0,0.96
0.23,-0.1,1.14
0.1,0.04,0.72
0.14,-0.01,0.89
0.15,-0.04,1.03
0.15,-0.18,1.15
0.08,-0.02,1.16
0.15,-0.14,0.9
0.15,-0.02,0.86
0.13,-0.01,1.1
0.11,-0.04,1.09
0.2,-0.15,1.06
0.19,-0.11,1.06
0.15,-0.05,0.8
0.25,-0.04,0.99
0.11,0.07,1.09
0.19,-0.1,1.08
0.15,-0.12,1.1
0.22,-0.08,0.88
0.14,0.1,0.97
0.12,0.04,1.03
0.14,0.11,1.11
0.37,-0.02,1.09
0.25,-0.08,1.02
0.29,0.01,0.82
0.26,0.11,0.89
0.32,0.16,0.97
0.28,0.21,1.2
0.22,-0.18,0.86
0.3,-0.02,1.02
0.28,0.06,0.82
0.14,0.05,0.94
0.17,0.04,1
0.21,0.09,1.26
0.24,-0.21,0.89
0.24,-0.11,0.94
0.24,0.1,0.9
0.26,0.07,0.87
0.31,0.17,0.97
0.24,0.09,1.05
0.2,-0.05,1.05
0.18,-0.05,0.95
0.18,0.01,0.84
0.14,0.06,0.9
0.18,-0.04,1.06
0.2,-0.11,1.16
0.15,-0.05,0.97
0.15,-0.09,0.9
0.09,-0.04,0.76
0.17,-0.15,0.96
0.17,-0.13,1.14
0.15,-0.06,1.02
0.14,-0.05,1.12
0.17,0,0.86
0.12,0.03,0.84
0.14,-0.05,1
0.14,-0.16,1.23
0.16,-0.16,1.05
0.11,-0.07,0.88
0.1,-0.04,0.82
0.13,0,0.96
0.08,-0.09,1.13
0.07,-0.04,1
0.1,-0.09,1.02
0.09,0.02,0.86
0.12,0.02,0.92
0.14,-0.03,1.11
0.16,-0.14,1.18
0.16,-0.12,1.07
0.15,-0.03,0.92
0.11,-0.02,0.8
0.16,-0.07,1.02
0.09,-0.01,1.08
0.11,-0.03,1
0.12,-0.07,1
0.11,0.02,0.81
0.14,-0.02,0.99
0.13,-0.01,1.07
0.15,-0.13,1.18
0.15,-0.1,1.07
0.18,-0.08,0.89
0.17,0.05,0.81
0.19,0.03,1.02
0.15,-0.02,1.04
0.17,-0.04,1.02
0.17,-0.06,1.07
0.18,0,0.85
0.17,0.05,0.84
0.23,0.06,0.99
0.26,-0.02,1.16
0.25,-0.01,1.06
0.2,-0.06,0.94
0.21,0.03,0.78
0.24,0.05,0.99
0.22,-0.04,1.08
0.18,-0.07,1.13
0.13,-0.04,1.04
0.17,-0.03,0.89
0.15,0.06,0.82
0.17,0.03,0.98
0.19,-0.06,1.16
0.19,-0.01,1.06
0.18,-0.04,1.01
0.16,0.02,0.82
0.19,0.03,0.89
0.17,-0.02,1.08
0.12,-0.05,1.14
0.08,-0.06,1.08
0.1,-0.06,0.82
0.13,0.08,0.82
0.16,0.1,1.01
0.17,0.04,1.13
0.17,-0.02,1.08
0.18,-0.05,1.02
0.16,0.03,0.84
0.17,0.07,0.9
0.17,0.03,0.96
0.14,-0.01,1.13
0.12,0.01,1.04
0.1,-0.02,0.94
0.13,0.08,0.81
0.15,0.06,0.94
0.17,0.06,1.11
0.18,-0.07,1.21
0.21,-0.06,1.05
0.14,0.02,0.82
0.16,0.03,0.86
0.17,0.01,0.97
0.15,-0.04,1.09
0.16,-0.01,1.06
0.14,-0.04,0.97
0.16,0.03,0.86
0.16,0.05,0.95
0.19,0.03,1.13
0.19,-0.07,1.13
0.17,-0.07,1
0.19,0,0.88
0.18,0.06,0.85
0.19,0.03,0.93
0.18,0,1.12
0.17,0.03,1.01
0.14,-0.02,1
0.15,0.03,0.75
0.17,0.05,1
0.13,0.03,1.03
0.19,-0.11,1.12
0.18,-0.05,1
0.19,-0.04,0.9
0.19,-0.01,0.9
0.2,0,0.94
0.18,-0.06,1.08
0.13,0,0.96
0.2,-0.04,1.04
0.17,-0.08,0.92
0.17,0,0.88
0.19,-0.01,0.98
0.21,-0.03,1.08
0.23,-0.02,1
0.26,-0.04,1.01
0.27,0.01,0.89
0.22,0.02,0.92
0.22,-0.08,1.08
0.14,-0.07,1.13
0.17,-0.05,1.05
0.18,0.01,0.91
0.2,0.07,0.84
0.19,0.03,0.95
0.21,-0.03,1.11
0.21,-0.06,1.14
0.24,-0.05,1.06
0.2,0.01,0.86
0.22,0,0.89
0.24,-0.01,0.97
0.15,-0.01,1.1
0.14,0,0.99
0.15,-0.02,1
0.18,0.04,0.87
0.14,0.03,0.9
0.14,0.01,1.06
0.2,-0.07,1.21
0.15,-0.06,1.03
0.14,-0.05,0.92
0.15,0.01,0.81
0.18,0.02,0.96
0.15,-0.01,1.1
0.16,0.01,1
0.15,-0.04,1.1
0.16,0.02,0.84
0.15,0.02,0.94
0.18,0.05,1.06
0.19,-0.11,1.18
0.16,-0.09,1.02
0.17,-0.04,0.89
0.15,0.07,0.81
0.2,0,0.96
0.19,-0.03,1.08
0.18,0.02,1.03
0.19,-0.04,1.13
0.18,-0.01,0.84
0.15,0.05,0.91
0.15,0.04,1.04
0.16,-0.05,1.23
0.2,-0.09,1.06
0.16,-0.06,0.91
0.16,-0.02,0.86
0.19,-0.02,0.96
0.16,-0.06,1.1
0.2,-0.04,1.1
0.15,-0.07,1.08
0.15,0.02,0.83
0.16,0.02,0.86
0.16,0.02,0.99
0.2,-0.13,1.17
0.19,-0.09,0.95
0.24,-0.06,0.96
0.23,0,0.83
0.24,-0.04,1.05
0.19,-0.05,1.09
0.13,-0.07,1.05
0.16,-0.08,1.09
0.15,0,0.86
0.16,0,0.92
0.17,0.02,1.01
0.18,-0.03,1.11
0.1,0.06,0.89
0.22,-0.05,1.05
0.18,0.02,0.8
0.19,0.04,0.92
0.2,-0.01,1.08
0.16,-0.05,1.17
0.12,-0.08,1
0.15,-0.03,0.91
0.16,0.01,0.91
0.13,0.05,0.99
0.15,0.02,1.11
0.16,-0.01,1.09
0.16,-0.06,1.04
0.15,0,0.89
0.15,0.01,0.89
0.17,-0.04,1.02
0.12,-0.06,1.16
0.12,-0.08,1.06
0.15,-0.03,0.92
0.16,0.03,0.87
0.15,0.03,0.98
0.17,-0.04,1.14
0.17,0,1.02
0.17,-0.06,1.19
0.16,0.01,0.78
0.15,0.04,0.91
0.21,-0.03,1.02
0.14,-0.05,1.15
0.1,-0.02,1.01
0.13,-0.04,0.89
0.14,0.05,0.84
0.14,0.04,1.01
0.14,-0.03,1.16
0.16,-0.09,1.15
0.14,-0.1,1.04
0.14,-0.03,0.8
0.15,-0.01,0.88
0.17,-0.04,1.06
0.17,-0.07,1.17
0.1,-0.1,1.03
0.11,-0.02,0.87
0.12,0,0.85
0.12,0.04,0.96
0.13,-0.04,1.19
0.1,-0.03,1.05
0.13,-0.08,1.05
0.09,-0.01,0.83
0.11,-0.02,0.95
0.11,-0.08,1.05
0.08,-0.08,1.15
0.04,-0.1,1.07
0.06,-0.04,0.9
0.08,0.03,0.85
0.09,0,1.01
0.1,-0.04,1.15
0.05,0.01,0.94
0.15,-0.04,1.11
0.06,0.07,0.77
0.14,0.02,0.97
0.14,-0.05,1.14
0.15,-0.05,1.15
0.11,-0.08,1.16
0.12,-0.01,0.86
0.1,0.04,0.83
0.15,0.03,1.05
0.16,-0.04,1.13
0.14,-0.05,0.99
0.17,-0.05,0.97
0.12,0.02,0.81
0.14,0,0.95
0.11,-0.09,1.1
0.15,0.02,1.03
0.17,-0.04,1.14
0.1,0.04,0.85
0.07,0.05,0.88
0.12,0,1.05
0.13,-0.12,1.23
0.1,-0.1,1.06
0.14,-0.06,0.89
0.1,0.01,0.83
0.14,0,0.97
0.16,-0.07,1.13
0.11,0,1.05
0.14,-0.05,1.06
0.13,0.03,0.77
0.11,0.04,0.93
0.11,-0.04,1.16
0.14,-0.12,1.23
0.12,-0.1,1.03
0.12,-0.03,0.87
0.15,0.03,0.84
0.16,0.04,1.02
0.14,-0.05,1.11
0.09,-0.04,1.03
0.12,-0.01,1.01
0.1,0.07,0.73
0.11,0.07,0.95
0.12,-0.04,1.1
0.14,-0.05,1.26
0.14,-0.09,1.07
0.12,-0.03,0.84
0.1,0.01,0.8
0.1,-0.04,1.02
0.07,-0.14,1.17
0.07,-0.15,1.12
0.08,-0.12,0.94
0.06,-0.08,0.86
0.06,-0.06,0.84
0.04,-0.09,1.05
0.11,-0.16,1.08
0.21,-0.07,0.95
0.15,-0.07,0.99
0.12,-0.08,0.86
0.16,-0.11,1.11
0.21,0.03,0.93
0.22,0.04,0.94
0.14,-0.08,0.99
0.16,-0.01,0.88
0.16,-0.05,1.02
0.2,0.04,0.97
0.14,-0.04,0.98
0.1,-0.08,0.98
0.1,-0.02,0.98
0.13,0.01,1
0.13,0,0.97
0.1,-0.02,1.01
0.12,-0.01,0.97
0.07,-0.03,1.1
0.16,0.05,1
0.18,-0.01,1.03
0.21,0.01,0.98
0.21,-0.02,1
0.2,-0.01,0.95
0.19,0,1.09
0.17,-0.02,1
0.15,-0.04,0.96
0.2,-0.03,1.05
0.16,0,0.88
0.16,-0.01,0.99
0.12,0,1
0.15,-0.02,1.06
0.16,-0.02,1.07
0.16,-0.05,1.01
0.18,0.02,0.87
0.16,0.01,0.88
0.17,-0.02,1.05
0.1,-0.07,1.1
0.1,-0.04,1.03
0.07,-0.07,0.99
0.12,0.02,0.87
0.1,-0.01,0.93
0.1,-0.01,1.07
0.12,-0.12,1.16
0.12,-0.13,1.09
0.13,-0.07,0.91
0.12,-0.01,0.83
0.15,0.01,0.98
0.05,-0.07,1.1
0.1,0,1
0.08,-0.05,1.01
0.1,0.06,0.84
0.12,0.01,0.95
0.12,-0.03,1.1
0.12,-0.11,1.16
0.13,-0.07,1.1
0.15,-0.03,0.84
0.13,-0.01,0.86
0.13,0.01,0.99
0.11,-0.14,1.13
0.08,-0.09,1.05
0.1,-0.08,0.93
0.13,0,0.88
0.15,0.01,0.97
0.11,-0.06,1.11
0.15,-0.11,1.12
0.13,-0.09,1.09
0.14,-0.02,0.87
0.14,-0.04,0.88
0.15,-0.07,1.05
0.1,-0.11,1.15
0.08,-0.15,1.13
0.09,-0.1,0.88
0.08,0.02,0.79
0.13,-0.02,1.04
0.16,-0.06,1.16
0.17,-0.01,1.05
0.17,0,1.07
0.18,0.05,0.78
0.18,0,0.89
0.17,-0.08,1.08
0.16,-0.01,1.1
0.12,-0.08,1.16
0.13,0.07,0.85
0.13,0.11,0.8
0.13,0.08,1.04
0.09,-0.08,1.13
0.1,-0.1,1.02
0.11,-0.08,0.99
0.1,0.01,0.82
0.19,0.04,0.94
0.1,-0.02,1.06
0.1,-0.02,1.1
0.1,-0.05,1.06
0.09,-0.02,0.75
0.11,0.01,0.92
0.1,0.06,1.05
0.09,-0.05,1.16
0.09,-0.08,1.01
0.16,0.03,0.83
0.13,0.05,0.78
0.13,-0.02,0.99
0.12,-0.04,1.14
0.14,0.1,0.95
0.1,0,1
0.12,0.07,0.79
0.14,0.06,0.94
0.1,-0.03,1.18
0.15,-0.07,1.13
0.15,-0.09,1.17
0.16,-0.08,0.86
0.15,0,0.84
0.16,-0.03,1.06
0.19,-0.12,1.18
0.13,-0.09,1.1
0.15,0.02,0.82
0.15,0.06,0.79
0.19,0.07,1.03
0.15,-0.04,1.14
0.17,0.02,1.03
0.14,0,0.94
0.15,0.02,0.78
0.17,0.03,0.92
0.13,-0.02,1.1
0.17,-0.06,1.23
0.08,-0.08,1.08
0.13,0,0.87
0.15,0.03,0.89
0.15,0.03,1.07
0.12,0.04,1.09
0.12,-0.03,0.98
0.15,0,0.92
0.12,0.06,0.79
0.18,0.02,0.98
0.1,-0.02,1.09
0.16,0.04,0.97
0.14,0.02,0.99
0.09,0.02,0.87
0.14,0.03,0.95
0.13,0.01,1.09
0.14,-0.08,1.15
0.13,-0.11,1.14
0.13,-0.06,0.85
0.15,-0.03,0.93
0.17,-0.04,1.04
0.1,-0.04,1.09
0.11,-0.1,1.07
0.11,-0.02,0.94
0.11,0.03,0.8
0.12,0.03,1.03
0.11,-0.02,1.16
0.12,-0.02,1.08
0.13,-0.02,1
0.1,0.06,0.77
0.15,0.03,0.99
0.14,-0.05,1.16
0.17,-0.01,1.07
0.11,-0.07,1.2
0.14,-0.01,0.84
0.14,0.03,0.93
0.12,0.08,1.03
0.13,-0.02,1.16
0.1,-0.07,0.99
0.13,-0.01,0.91
0.14,0.04,0.82
0.14,0.05,0.93
0.11,0,1.15
0.14,0.07,1
0.11,-0.02,1.13
0.13,0.03,0.84
0.14,0.04,0.89
0.14,0.08,1.05
0.13,-0.09,1.23
0.11,-0.09,1.07
0.12,-0.04,0.85
0.13,-0.01,0.91
0.14,-0.02,1
0.08,-0.02,1.05
0.16,-0.06,1.04
0.09,0,0.98
0.12,0.07,0.76
0.14,0.09,0.98
0.14,0.01,1.11
0.13,-0.01,1.13
0.12,-0.05,1.05
0.14,0.02,0.83
0.12,0.04,0.92
0.11,-0.02,1.08
0.11,-0.01,1.19
0.08,-0.08,0.97
0.07,-0.02,0.89
0.07,0.01,0.8
0.09,0.04,0.99
0.09,-0.02,1.18
0.09,-0.02,1
0.11,0.02,0.96
0.1,0.04,0.78
0.1,-0.01,1.01
0.08,-0.04,1.11
0.09,0.06,1.03
0.06,-0.03,1.04
0.09,0.01,0.87
0.07,0,0.93
0.09,-0.03,1.07
0.1,-0.11,1.23
0.06,-0.12,1.09
0.07,-0.02,0.87
0.08,-0.02,0.91
0.09,-0.04,1
0.08,-0.11,1.12
0.04,-0.07,1.08
0.05,0.05,0.83
0.08,0.05,0.88
0.09,0.03,1.02
0.08,-0.05,1.14
0.1,-0.03,1.04
0.1,-0.05,0.98
0.13,0.02,0.82
0.1,0,0.94
0.11,-0.1,1.09
0.09,-0.09,1.17
0,-0.16,1.15
0.02,-0.07,0.92
0.01,0,0.87
0.06,0.01,0.98
0,-0.1,1.21
0.05,-0.13,1.04
0.02,-0.1,0.95
0.04,-0.08,0.92
0.09,-0.08,0.9
0.08,-0.14,1.07
0.07,-0.11,1.04
0.05,-0.05,0.98
0.03,-0.03,0.97
0.08,-0.01,0.98
0.11,-0.06,1.06
0.02,0.11,0.86
0.13,0,1.04
0.1,0,0.94
0.13,0,1.01
0.15,0.01,0.98
0.14,-0.01,1.04
0.16,-0.03,1.03
0.1,-0.04,0.96
0.11,0.01,0.98
0.13,0.03,0.85
0.13,0.06,0.96
0.13,0.04,1.08
0.15,-0.01,1.14
0.1,-0.04,1.02
0.1,0.01,0.95
0.16,0.02,0.92
0.17,0.02,0.99
0.06,-0.02,1.09
0.1,0.02,0.99
0.1,0,1.02
0.12,0.06,0.87
0.13,0.05,0.96
0.15,0.06,1.04
0.13,-0.02,1.22
0.13,-0.11,1.04
0.14,-0.02,0.81
0.17,0.03,0.89
0.17,0.02,1.07
0.08,-0.04,1.13
0.09,0.02,0.97
0.09,0.02,0.96
0.13,0.04,0.8
0.11,0.01,1
0.11,-0.02,1.14
0.14,-0.02,1.13
0.1,-0.05,1
0.14,-0.03,0.81
0.12,-0.03,1.01
0.13,-0.05,1.05
0.13,-0.11,1.22
0.07,-0.09,1.06
0.12,-0.05,0.9
0.09,0,0.9
0.12,0.04,1
0.1,-0.04,1.17
0.08,-0.02,1
0.09,-0.05,0.92
0.11,-0.01,0.85
0.14,0.03,0.92
0.09,-0.05,1.13
0.09,-0.02,1.04
0.09,-0.04,1.1
0.12,0,0.88
0.12,0.01,0.94
0.08,0,1.02
0.12,-0.1,1.19
0.1,-0.09,1.1
0.11,-0.06,0.87
0.12,-0.01,0.88
0.13,-0.05,1.01
0.07,-0.07,1.12
0.05,-0.03,0.94
0.05,-0.04,0.95
0.12,0.04,0.82
0.13,0.05,1
0.13,-0.05,1.18
0.13,-0.1,1.09
0.09,-0.08,1.04
0.11,0,0.82
0.13,0.02,0.9
0.14,0.01,1.09
0.15,-0.11,1.25
0.07,-0.07,1.04
0.07,-0.03,0.9
0.09,0,0.8
0.11,0.06,0.99
0.15,-0.07,1.16
0.07,0,1.02
0.14,-0.04,0.98
0.11,0,0.74
0.14,-0.02,1
0.08,-0.1,1.12
0.14,0.01,1
0.13,-0.01,1.15
0.13,0.01,0.87
0.11,-0.01,0.89
0.18,-0.01,0.99
0.14,-0.08,1.24
0.12,-0.1,1.06
0.09,-0.08,0.89
0.13,-0.02,0.85
0.14,-0.05,1.02
0.1,-0.04,1.06
0.13,-0.02,1
0.08,-0.04,0.94
0.14,0.07,0.77
0.18,0.05,0.96
0.15,-0.02,1.08
0.13,-0.08,1.23
0.11,-0.13,1.13
0.11,-0.04,0.84
0.14,0.02,0.88
0.13,0.01,0.98
0.1,-0.09,1.16
0.1,-0.06,1.08
0.08,0.01,0.85
0.12,0.05,0.81
0.15,0.03,1.04
0.13,-0.02,1.14
0.13,-0.05,1.14
0.12,-0.05,1.03
0.15,-0.01,0.79
0.14,0.01,0.93
0.16,-0.12,1.09
0.13,-0.1,1.2
0.1,-0.08,1.14
0.11,-0.01,0.89
0.13,0.02,0.77
0.19,0.08,1.01
0.13,-0.11,1.23
0.1,-0.02,0.97
0.1,0.01,0.96
0.11,-0.01,0.85
0.13,0,0.96
0.07,0.05,1.13
0.11,0.02,1.09
0.07,-0.01,1.01
0.08,0.1,0.74
0.13,0.04,0.91
0.09,0.02,1.08
0.13,-0.05,1.2
0.12,-0.07,1.11
0.14,-0.02,0.84
0.12,0.02,0.9
0.13,-0.04,0.99
0.07,-0.1,1.2
0.06,-0.06,1.04
0.07,-0.02,0.87
0.13,0.03,0.84
0.18,0.04,1.05
0.15,0,1.17
0.13,0.03,1.04
0.11,-0.07,1.09
0.11,-0.02,0.75
0.15,0.01,0.91
0.12,-0.06,1.14
0.15,-0.03,1.22
0.05,-0.1,1.09
0.07,-0.05,0.89
0.07,0.01,0.86
0.11,0.05,1.02
0.11,-0.09,1.23
0.09,-0.09,1.09
0.1,-0.07,0.89
0.09,-0.01,0.86
0.11,0.01,1
0.06,-0.08,1.1
0.09,0,1
0.06,-0.03,1.04
0.1,0.04,0.82
0.1,0.01,0.93
0.09,-0.05,1.1
0.11,-0.08,1.23
0.12,-0.06,1.05
0.14,-0.03,0.9
0.14,0,0.85
0.14,-0.01,1.02
0.12,-0.08,1.15
0.11,-0.01,1.02
0.13,0.01,0.9
0.12,0.05,0.81
0.12,0,1
0.11,0,1.12
0.16,0,1.1
0.11,-0.04,1.01
0.11,0.02,0.83
0.13,0.04,0.9
0.13,0,1.1
0.16,0,1.2
0.05,-0.02,1.06
0.09,-0.03,0.86
0.11,0.01,0.9
0.11,0.03,1.1
0.11,-0.02,1.16
0.08,-0.02,1
0.1,-0.01,0.94
0.11,0.02,0.81
0.12,0.01,0.93
0.1,-0.04,1.1
0.13,0.02,1.05
0.12,0.03,1.09
0.14,0.05,0.82
0.14,0.06,0.92
0.14,0.1,1.02
0.13,-0.02,1.19
0.11,-0.03,1.06
0.12,-0.05,0.84
0.12,0.02,0.87
0.13,0.01,0.94
0.11,-0.03,1.14
0.15,0.06,1.01
0.12,-0.01,1.12
0.09,0.05,0.82
0.1,0.03,0.91
0.11,0.04,1.07
0.12,0.01,1.13
0.14,-0.05,1.06
0.15,-0.01,0.94
0.13,0.02,0.84
0.16,0.03,0.98
0.11,0.02,1.07
0.13,0.04,1.04
0.11,0.01,1.04
0.14,0.01,0.93
0.13,0.02,0.95
0.14,0.03,1.02
0.13,-0.05,1.14
0.12,-0.05,0.98
0.12,-0.04,0.93
0.12,-0.02,0.93
0.14,-0.02,0.97
0.12,-0.02,1.09
0.13,0.03,1.05
0.09,0.02,1.09
0.1,0.02,0.88
0.09,-0.01,0.89
0.11,0.03,1.07
0.13,-0.04,1.14
0.1,-0.02,1.01
0.12,-0.03,1.02
0.09,0.02,0.78
0.11,-0.02,0.96
0.1,-0.07,1.13
0.13,0.02,1.07
0.1,-0.01,1.15
0.09,0.04,0.84
0.12,0.03,0.88
0.12,0.06,0.98
0.14,-0.1,1.17
0.1,-0.07,1.07
0.1,-0.07,0.87
0.14,-0.04,0.87
0.15,-0.04,1.02
0.09,-0.07,1.14
0.12,-0.01,1.01
0.11,0,0.99
0.17,0.03,0.87
0.14,-0.01,0.96
0.12,-0.07,1.1
0.15,-0.1,1.2
0.13,-0.08,1.11
0.11,-0.05,0.87
0.16,0,0.91
0.18,-0.03,1
0.1,-0.01,1.09
0.14,-0.02,1
0.13,0.03,0.97
0.12,0.04,0.83
0.18,0.02,0.95
0.11,-0.04,1.12
0.15,-0.04,1.19
0.15,-0.04,1.09
0.14,-0.01,0.84
0.16,0,0.89
0.17,-0.03,1.02
0.18,-0.07,1.14
0.12,-0.03,1.01
0.15,-0.03,0.89
0.15,0.01,0.87
0.14,0.02,1.02
0.14,-0.02,1.11
0.15,0,1.04
0.12,-0.01,0.97
0.15,0.02,0.82
0.13,0.02,0.91
0.1,-0.07,1.11
0.14,-0.07,1.18
0.09,-0.08,1.09
0.12,0,0.88
0.11,0.03,0.85
0.13,0.1,0.99
0.12,-0.06,1.19
0.11,0.01,0.95
0.13,0,0.95
0.14,0,0.91
0.17,0.01,0.95
0.11,-0.02,1
0.18,0.01,1.09
0.11,0.04,0.99
0.14,0.04,0.89
0.12,0.02,0.91
0.1,-0.01,1.06
0.14,-0.08,1.21
0.12,-0.12,1.14
0.13,-0.04,0.84
0.12,-0.01,0.86
0.16,-0.04,1.02
0.09,-0.09,1.14
0.09,-0.06,1
0.1,-0.03,0.93
0.09,0.06,0.84
0.13,0.1,0.97
0.13,-0.02,1.13
0.12,0.01,1.11
0.12,-0.06,1.05
0.13,0.02,0.81
0.12,0.01,0.91
0.11,-0.03,1.05
0.12,-0.02,1.17
0.06,-0.03,1.17
0.12,-0.02,0.88
0.14,0.03,0.88
0.15,0.06,1
0.13,-0.03,1.13
0.14,-0.01,1.03
0.13,-0.02,0.92
0.14,0,0.85
0.15,-0.02,0.97
0.11,-0.07,1.08
0.12,0.03,1.12
0.13,-0.04,1.15
0.13,-0.02,0.9
0.16,-0.04,0.87
0.15,-0.08,1.05
0.17,-0.13,1.05
0.21,-0.05,0.94
0.2,-0.11,1.08
0.16,-0.08,0.91
0.15,-0.08,0.97
0.12,-0.1,1.03
0.14,-0.06,0.98
0.15,-0.05,1.1
0.17,-0.02,0.96
0.16,-0.03,0.99
0.15,-0.08,1.01
0.14,-0.11,0.99
0.16,-0.1,1.04
0.19,-0.03,0.96
0.19,-0.02,0.94
0.16,-0.02,1
0.11,-0.01,1.02
0.07,0.02,1.11
0.05,0,0.98
0.08,0.06,0.93
0.1,0.07,0.95
0.12,0.05,1.02
0.11,-0.05,1.09
0.11,-0.03,0.99
0.13,-0.03,1
0.14,0.03,0.87
0.17,0.03,0.99
0.11,-0.01,1.04
0.14,-0.05,1.13
0.11,0,1.09
0.11,0.02,0.9
0.11,0.04,0.86
0.15,0.06,0.98
0.14,0.06,1.18
0.11,-0.03,1.11
0.13,-0.04,1
0.15,0.05,0.82
0.12,0.05,0.93
0.14,0.01,0.97
0.11,0.01,1.11
0.09,-0.01,1.05
0.07,0,0.87
0.15,0.07,0.86
0.16,0.05,1.01
0.13,0.06,1.1
0.11,-0.06,1.19
0.14,-0.02,1.02
0.14,-0.02,0.9
0.12,0.05,0.83
0.17,0.05,0.96
0.15,0.01,1.09
0.16,0.08,1.04
0.12,0,1.09
0.13,0.04,0.85
0.14,0.06,0.9
0.1,0.08,1.06
0.11,-0.04,1.12
0.11,0.03,1.01
0.16,0.03,1
0.17,0.08,0.74
0.15,0.05,1.02
0.11,-0.01,1.1
0.13,0.07,1.09
0.06,0.01,1.15
0.14,0.03,0.81
0.16,0.05,0.91
0.12,0.07,0.99
0.14,0,1.08
0.13,0,1.03
0.16,0.01,0.97
0.15,0.03,0.84
0.14,0.03,0.96
0.13,-0.04,1.13
0.15,0.03,1.08
0.12,0.01,1.07
0.14,-0.02,0.89
0.16,0.06,0.88
0.18,0.11,0.99
0.18,-0.02,1.19
0.13,0,1.04
0.14,-0.02,0.9
0.12,0.05,0.79
0.16,0.01,0.99
0.14,0,1.09
0.15,0.02,1.09
0.1,-0.02,1.08
0.13,0.02,0.88
0.14,0.05,0.88
0.15,0.05,1.01
0.15,-0.06,1.2
0.11,-0.07,1.04
0.1,-0.07,0.91
0.11,0,0.88
0.15,0.01,0.95
0.1,-0.07,1.15
0.11,0.01,1.06
0.09,-0.01,0.88
0.1,0,0.88
0.12,0.03,1.04
0.11,-0.01,1.11
0.12,0,1.09
0.08,-0.11,1.13
0.09,0,0.8
0.11,0.04,0.89
0.15,0.03,0.99
0.1,-0.02,1.09
0.11,-0.01,1.03
0.11,0.01,0.93
0.12,0.07,0.8
0.12,0.03,0.97
0.12,0.01,1.08
0.11,-0.01,1.09
0.11,-0.08,1.18
0.12,-0.03,0.87
0.11,-0.01,0.91
0.12,-0.01,0.98
0.07,-0.03,1.12
0.09,-0.01,1
0.1,0.02,0.96
0.11,0.06,0.89
0.11,0.05,1
0.09,0,1.13
0.1,-0.01,1
0.12,-0.09,1.22
0.07,0.04,0.84
0.09,0.03,1
0.08,-0.02,0.97
0.06,-0.04,1.04
0.05,-0.06,1.16
0.07,0.01,0.88
0.1,0.03,0.9
0.11,0.07,1.01
0.1,0.06,1.08
0.14,0.06,1.03
0.1,-0.08,1.11
0.1,0.01,0.85
0.07,0.04,0.98
0.1,0,0.98
0.09,-0.03,1.05
0.08,-0.01,1.06
0.08,0.03,0.94
0.09,0.06,0.86
0.12,0.05,0.94
0.13,0.05,1.1
0.15,-0.04,1.2
0.1,-0.04,1
0.08,-0.03,0.9
0.09,0.02,0.9
0.11,0,0.98
0.11,-0.03,1.06
0.08,0.07,1
0.08,-0.01,0.98
0.11,0.04,0.9
0.1,0.02,0.98
0.08,-0.02,1.1
0.08,-0.12,1.19
0.07,-0.09,1.11
0.12,-0.04,0.88
0.09,-0.02,0.94
0.09,-0.05,1.03
0.05,-0.09,1.14
0.05,-0.02,0.96
0.08,-0.01,0.95
0.1,0.05,0.85
0.12,0.01,1.05
0.11,-0.04,1.12
0.1,0.03,1.08
0.09,-0.06,1.1
0.12,-0.01,0.77
0.12,0.03,0.89
0.1,0.01,1.01
0.06,-0.1,1.22
0.06,-0.08,1.02
0.07,-0.02,0.93
0.09,0.01,0.83
0.08,0,0.95
0.07,0.04,1.11
0.06,-0.2,1.36
0.04,-0.13,1.02
0.06,-0.09,0.9
0.08,-0.07,0.89
0.08,-0.06,1
0.04,-0.05,1.08
0.09,0.01,1.03
0.11,0.04,1.08
0.08,0,0.88
0.1,0,0.92
0.08,0.02,1.03
0.08,-0.11,1.25
0.08,-0.11,1.06
0.1,-0.04,0.87
0.1,0.02,0.8
0.13,0.01,0.99
0.1,-0.04,1.13
0.15,0.07,1.05
0.12,0.01,1.07
0.12,0,0.84
0.05,0.05,0.92
0.13,0.03,1.05
0.12,-0.07,1.2
0.11,-0.05,1.05
0.11,-0.04,0.9
0.1,0.02,0.79
0.14,-0.03,1
0.11,-0.02,1.15
0.14,0.03,1.05
0.12,-0.03,1.13
0.11,0.07,0.82
0.12,0.04,0.95
0.09,0,1.09
0.11,-0.05,1.08
0.08,-0.06,1.07
0.11,-0.03,0.83
0.12,0.02,0.85
0.14,-0.01,1
0.05,-0.07,1.15
0.1,0.06,0.95
0.11,-0.01,1.02
0.12,0.05,0.84
0.13,0.01,0.98
0.09,-0.01,1.11
0.09,-0.07,1.25
0.11,-0.11,1.1
0.11,-0.03,0.82
0.11,0.01,0.92
0.11,-0.02,1.02
0.07,-0.06,1.11
0.07,-0.02,1.02
0.09,0.03,0.94
0.13,0.08,0.8
0.15,0.06,1
0.12,0.02,1.11
0.08,-0.05,1.16
0.08,-0.05,1.06
0.1,0.01,0.84
0.12,0.04,0.86
0.11,0.02,1
0.07,0.02,1.09
0.07,0,1.02
0.08,0.01,0.94
0.13,0.04,0.87
0.13,0.07,0.99
0.13,0.01,1.11
0.12,-0.03,1.2
0.1,-0.05,1.07
0.1,-0.01,0.87
0.13,0.03,0.88
0.14,0.02,1
0.1,-0.04,1.1
0.09,-0.01,1.01
0.11,0.01,0.93
0.13,0.08,0.79
0.16,0.07,0.95
0.15,0.04,1.16
0.14,0.02,1.12
0.11,-0.08,1.19
0.08,-0.01,0.76
0.08,0,0.86
0.09,-0.02,1.03
0.05,-0.01,1.14
0.07,0,1
0.09,0.02,0.9
0.09,0.05,0.83
0.11,0.04,1.06
0.08,-0.01,1.11
0.09,-0.02,1.09
0.09,-0.06,1.15
0.13,-0.03,0.87
0.13,0.01,0.9
0.14,-0.03,1.09
0.09,-0.04,1.17
0.1,-0.05,1.01
0.11,0.01,0.88
0.11,0.03,0.84
0.09,0.04,1.01
0.11,-0.02,1.15
0.11,-0.02,1.1
0.07,-0.07,1.08
0.12,-0.03,0.86
0.12,0.04,0.86
0.13,0.03,1.06
0.09,-0.06,1.21
0.08,-0.02,0.99
0.07,0,0.87
0.1,0.02,0.84
0.12,0.02,1.03
0.12,0,1.15
0.1,0.02,1.14
0.11,-0.04,1.03
0.11,0.03,0.84
0.13,0.04,0.88
0.13,-0.06,1.09
0.09,-0.05,1.12
0.08,-0.04,1.01
0.11,0.05,0.84
0.13,0.04,0.82
0.13,0.04,1.01
0.11,-0.01,1.16
0.12,0.03,1.07
0.11,-0.04,1.1
0.07,0.05,0.76
0.11,0,0.95
0.09,-0.05,1.1
0.09,-0.05,1.19
0.04,-0.04,0.99
0.09,0.03,0.93
0.09,0.06,0.84
0.13,0.06,0.99
0.13,0.03,1.14
0.14,0,1.19
0.1,-0.07,1.1
0.09,0.01,0.79
0.11,0.03,0.89
0.11,-0.01,1.02
0.06,-0.02,1.14
0.05,-0.03,1.05
0.1,0.01,0.92
0.12,0.01,0.86
0.13,0.02,0.97
0.12,0.01,1.05
0.11,0.01,1.13
0.13,0,1.12
0.15,0.03,0.77
0.11,0.05,0.9
0.13,-0.03,1.07
0.12,-0.07,1.2
0.08,-0.02,0.97
0.09,0.02,0.89
0.13,0.04,0.82
0.15,0.06,1
0.15,0.03,1.14
0.17,0.03,1.21
0.12,-0.03,1.02
0.12,0.01,0.83
0.13,0.04,0.89
0.15,-0.02,1.04
0.13,-0.05,1.13
0.11,0,0.99
0.12,-0.03,1.01
0.15,0.05,0.79
0.17,0.09,0.9
0.15,0.05,1.08
0.15,-0.02,1.22
0.13,-0.05,1.11
0.09,-0.02,0.93
0.08,0.02,0.87
0.1,0.02,0.99
0.04,0,1.09
0.06,0.01,1.08
0.01,0.01,1.16
0.03,0.06,0.9
0.03,0.09,0.9
0.12,0.08,0.98
0.1,0.01,1.06
0.15,0,0.96
0.16,0,0.94
0.15,0.04,0.94
0.18,0.04,1
0.15,0.01,1.03
0.13,-0.02,1.09
0.14,0.03,0.97
0.14,0.06,0.94
0.13,0.08,0.9
0.16,0.17,0.95
0.2,0.15,1.1
0.19,0.03,1.07
0.2,0.09,0.99
0.22,0,1
0.15,0.04,0.87
0.17,0.03,0.91
0.16,0.02,1.04
0.14,0.06,1.15
0.13,0.04,1.01
0.13,0.05,1.03
0.13,0.06,0.89
0.13,0.06,0.91
0.15,0.12,1.02
0.12,0.01,1.16
0.12,0,1
0.12,0,0.97
0.16,0.01,0.91
0.17,0.02,0.92
0.12,0,1.07
0.1,0.02,1.12
0.1,0.02,1.05
0.14,0.07,0.97
0.12,0.05,0.81
0.11,0.05,0.96
0.14,0.05,1.1
0.15,0.02,1.16
0.13,-0.02,1.05
0.12,0.06,0.85
0.14,0.05,0.91
0.14,0.01,0.98
0.11,0,1.12
0.12,0.03,1.01
0.1,0.06,0.91
0.14,0.05,0.83
0.16,0.06,0.98
0.16,0.09,1.09
0.13,-0.05,1.24
0.08,-0.06,1.06
0.11,-0.01,0.89
0.13,0.03,0.86
0.14,0.02,0.9
0.09,0.01,1.1
0.17,0.03,1.07
0.11,0.06,0.99
0.09,0.05,0.8
0.12,0.06,0.91
0.16,0.1,1.02
0.13,0,1.18
0.11,-0.04,1.03
0.13,-0.03,0.93
0.11,0.01,0.88
0.14,0.01,0.93
0.09,-0.04,1.08
0.17,0.02,1.18
0.09,-0.01,1.1
0.05,-0.01,0.87
0.1,-0.01,0.9
0.14,0.02,1.04
0.13,0,1.1
0.16,0.02,1.03
0.13,-0.03,0.97
0.13,0,0.79
0.16,0.02,0.91
0.13,-0.04,1.18
0.16,-0.07,1.18
0.07,-0.02,1
0.11,0,0.88
0.12,0.01,0.86
0.12,0.08,1
0.15,0.03,1.07
0.11,0.06,1.03
0.14,-0.01,1.02
0.13,0.01,0.83
0.14,0.04,0.93
0.1,-0.01,1.1
0.12,-0.08,1.25
0.04,-0.03,1.07
0.08,-0.02,0.87
0.11,0.02,0.85
0.13,0.07,1
0.12,0.01,1.13
0.1,-0.01,0.98
0.12,-0.01,1.04
0.13,0.01,0.8
0.15,0.02,0.92
0.12,-0.03,1.08
0.14,-0.07,1.19
0.11,-0.04,1.08
0.13,-0.01,0.88
0.14,0.01,0.82
0.15,0.04,1.02
0.13,0.01,1.09
0.15,0,1.09
0.12,0,1.02
0.13,-0.02,0.92
0.15,0.03,0.9
0.15,-0.01,1.08
0.13,-0.08,1.12
0.15,0,1.02
0.1,0.06,0.86
0.15,0.03,0.87
0.15,0.06,1.07
0.12,-0.01,1.11
0.13,0.05,1.04
0.1,-0.02,1.06
0.13,-0.01,0.87
0.15,0.02,0.89
0.16,-0.02,1.07
0.14,-0.02,1.16
0.12,-0.04,1.02
0.12,0.02,0.9
0.15,0.02,0.82
0.17,0.05,0.97
0.17,0.03,1.15
0.17,0.01,1.22
0.14,0.02,1.07
0.13,0.02,0.84
0.14,0.05,0.89
0.18,0.01,1.05
0.09,0.01,1.07
0.13,0.02,0.98
0.13,0.04,0.94
0.18,0.11,0.85
0.17,0.06,1
0.15,0.04,1.11
0.17,0,1.16
0.13,0.01,1.09
0.12,-0.02,0.92
0.12,0,0.88
0.13,-0.02,1.03
0.09,0,1.08
0.14,0.05,1.02
0.14,0.04,0.99
0.16,0.07,0.85
0.17,0.08,0.99
0.15,0.03,1.1
0.14,-0.02,1.2
0.11,-0.02,1.08
0.16,0,0.81
0.11,0.04,0.83
0.15,0.02,1
0.12,0,1.1
0.16,0.02,1.02
0.14,0.07,1.01
0.13,0.08,0.81
0.12,0.04,0.94
0.13,0.05,1.04
0.15,-0.03,1.3
0.12,-0.04,1.08
0.13,0,0.9
0.11,0.04,0.83
0.16,0.01,0.98
0.1,-0.03,1.13
0.11,0.02,1.02
0.13,0.03,1.02
0.12,0.06,0.85
0.12,0.02,0.96
0.09,0,1.11
0.12,-0.07,1.18
0.12,-0.04,1.13
0.1,-0.01,0.81
0.13,0.03,0.86
0.13,0.03,0.99
0.1,0,1.14
0.13,0.02,0.99
0.12,0,1.06
0.12,0.06,0.85
0.16,0.07,0.9
0.16,0.13,1.03
0.16,-0.05,1.16
0.11,-0.02,0.97
0.13,-0.02,0.9
0.13,0.04,0.86
0.16,0.01,0.96
0.11,0.01,1.1
0.15,0.03,1.13
0.11,0,1.12
0.12,-0.03,0.9
0.14,0.03,0.88
0.16,0.13,0.99
0.16,-0.01,1.19
0.16,0.05,1
0.12,0,1.01
0.12,0.01,0.79
0.16,0.03,0.97
0.14,-0.04,1.18
0.13,0.02,1.15
0.12,0,1.09
0.14,0.04,0.83
0.15,0.06,0.84
0.16,0.11,1.01
0.21,0.02,1.14
0.15,0.05,1.05
0.18,0.01,0.97
0.11,0.04,0.76
0.14,0.05,0.98
0.13,-0.02,1.1
0.16,0,1.14
0.14,-0.01,1.14
0.12,0.04,0.85
0.16,0.05,0.86
0.19,0.11,1.03
0.19,0.07,1.12
0.17,0.1,1.05
0.21,-0.02,1.11
0.17,0.06,0.8
0.17,0.06,0.96
0.15,0,1.09
0.15,0.03,1.13
0.14,0,0.97
0.14,0.04,0.94
0.17,0.06,0.8
0.19,0.08,0.99
0.19,0.05,1.11
0.19,-0.03,1.12
0.23,-0.07,1.15
0.2,-0.04,0.75
0.15,0,0.9
0.2,0.03,1
0.17,0.03,1.05
0.19,0.02,1
0.15,0.02,1.12
0.14,0.03,0.85
0.14,0.03,0.9
0.16,0.06,1.02
0.18,-0.02,1.16
0.16,0.02,1.04
0.15,-0.08,0.99
0.17,-0.03,0.85
0.18,-0.02,0.95
0.14,-0.07,1.13
0.12,0,1.12
0.08,-0.05,1.03
0.13,0.03,0.87
0.16,0.03,0.87
0.16,0.03,0.99
0.13,0,1.11
0.14,-0.01,1.14
0.15,-0.07,1.13
0.13,-0.01,0.86
0.16,0.04,0.86
0.16,0.01,1
0.12,-0.01,1.11
0.14,0.02,1
0.13,0.01,1.03
0.13,0.05,0.75
0.18,0.05,0.99
0.17,0.05,1.07
0.16,-0.07,1.22
0.1,-0.04,1.09
0.14,-0.03,0.79
0.17,0.05,0.88
0.16,0.02,0.95
0.11,0,1.08
0.16,0.06,1.14
0.14,0.01,1.03
0.13,0.02,0.86
0.15,0.02,0.89
0.17,0.07,1.02
0.18,-0.04,1.17
0.12,0,0.99
0.14,0,0.95
0.11,0.05,0.79
0.12,0.02,0.98
0.09,-0.04,1.14
0.13,0,1.07
0.11,0.03,1.09
0.12,-0.02,0.89
0.1,-0.02,0.85
0.12,0.05,0.99
0.14,-0.02,1.16
0.13,-0.01,1.01
0.13,-0.01,0.97
0.13,0.02,0.82
0.15,0.03,0.94
0.14,-0.03,1.08
0.16,-0.05,1.2
0.09,-0.06,1.11
0.09,-0.03,0.88
0.11,0.02,0.83
0.14,0.08,1.01
0.13,-0.02,1.21
0.12,-0.03,1.01
0.08,-0.04,0.92
0.11,0.01,0.86
0.14,0,0.95
0.11,-0.03,1.06
0.14,-0.01,1.11
0.09,-0.04,1.15
0.08,-0.05,0.94
0.11,0.01,0.86
0.14,0.03,1.04
0.07,-0.06,1.16
0.11,-0.02,1
0.15,-0.04,0.96
0.14,0.03,0.81
0.16,0,0.93
0.12,-0.01,1.09
0.12,-0.04,1.19
0.06,-0.04,1.08
0.11,0.01,0.83
0.13,0.04,0.85
0.14,0.1,0.97
0.15,-0.01,1.18
0.14,-0.03,1.08
0.09,-0.04,0.87
0.12,0.01,0.88
0.16,0,0.94
0.12,-0.06,1.11
0.13,-0.01,1.13
0.06,-0.03,1.01
0.09,-0.02,0.91
0.11,0.03,0.83
0.14,0.06,1.01
0.15,-0.03,1.14
0.14,0.02,1.03
0.15,-0.03,1.07
0.12,-0.04,0.9
0.12,-0.02,0.9
0.12,-0.08,1.02
0.09,-0.09,1.12
0.12,-0.02,1.07
0.11,0.02,0.9
0.15,0.07,0.81
0.12,0.01,1.04
0.11,0.03,1.07
0.1,-0.1,1.21
0.12,-0.07,1.06
0.17,-0.08,0.97
0.15,-0.02,0.85
0.16,-0.02,0.95
0.09,-0.03,1.04
0.14,0.02,1.05
0.09,-0.02,1.08
0.16,0.02,0.85
0.14,0.01,0.96
0.11,0,1.01
0.13,-0.08,1.08
0.17,0,0.99
0.19,-0.07,1.07
0.17,-0.06,0.94
0.16,-0.03,0.88
0.15,-0.07,1.07
0.11,-0.09,1.09
0.13,-0.01,1.01
0.11,-0.05,1.02
0.14,-0.03,0.96
0.14,-0.01,0.98
0.11,-0.02,1
0.13,-0.08,1.04
0.17,-0.14,0.99
0.17,-0.17,1
0.17,-0.1,0.95
0.18,-0.09,0.99
0.17,-0.06,0.96
0.16,-0.02,0.96
0.16,-0.02,0.98
0.13,-0.01,1.07
0.1,0.02,1.07
0.07,0.01,1.06
0.07,0.06,0.92
0.11,0.06,0.97
0.12,0.08,1
0.14,0.05,1.12
0.12,0.01,1.07
0.12,-0.02,1.08
0.09,0.01,0.96
0.11,0.03,0.96
0.15,-0.01,0.97
0.1,-0.01,1.07
0.09,0.02,1.06
0.07,0,1.05
0.09,-0.01,0.93
0.12,0.04,0.91
0.13,0.06,1
0.13,0.07,1.09
0.15,0.02,1.07
0.14,-0.03,1.05
0.13,0.04,0.9
0.14,0.04,0.92
0.14,0.01,1
0.07,-0.04,1.11
0.09,0.01,0.98
0.07,0.02,0.97
0.11,0.03,0.87
0.13,0.04,0.95
0.12,0.05,1.11
0.09,0.01,1.1
0.1,-0.02,0.99
0.12,0.01,0.94
0.15,0.02,0.86
0.16,0,0.99
0.13,-0.02,1.14
0.15,0,1.14
0.12,0.02,1.06
0.09,0.04,0.76
0.11,0,0.87
0.14,0.03,1.06
0.12,0.02,1.1
0.15,0.04,1.09
0.13,0.01,0.99
0.12,0.08,0.81
0.15,0.03,1
0.15,0.02,1.07
0.17,0.01,1.14
0.11,-0.04,1.06
0.13,-0.02,0.9
0.12,0.02,0.84
0.12,0.03,1.02
0.14,0.01,1.14
0.12,-0.02,1.17
0.11,-0.04,1.01
0.12,0.01,0.91
0.13,0.03,0.93
0.17,0,0.95
0.14,-0.03,1.08
0.15,0.05,1.01
0.13,0.02,1.05
0.15,0.06,0.83
0.17,0.05,0.95
0.15,0.09,1
0.16,-0.03,1.13
0.14,0.03,0.95
0.14,0,0.95
0.14,0.05,0.85
0.17,0.03,1.01
0.15,-0.03,1.12
0.17,0.01,1.07
0.1,-0.01,1.07
0.13,0,0.87
0.13,0.03,0.86
0.15,0.09,1.01
0.15,0.02,1.11
0.14,0.08,1
0.13,0,0.99
0.11,0.05,0.84
0.15,0.04,0.96
0.16,-0.02,1.07
0.13,-0.07,1.19
0.09,-0.01,1.01
0.1,-0.01,0.89
0.13,0.02,0.87
0.15,0.05,1.02
0.17,0.01,1.09
0.15,0.03,1.1
0.16,-0.01,1.04
0.16,0.05,0.81
0.15,0.05,0.91
0.14,-0.02,1
0.15,-0.06,1.15
0.12,-0.02,1.02
0.13,0.02,0.96
0.14,0.01,0.84
0.13,0.02,0.97
0.12,0,1.11
0.13,0,1.15
0.12,-0.07,1.14
0.12,-0.01,0.88
0.12,0.03,0.9
0.17,0.02,0.97
0.1,0.04,1.08
0.12,0.07,0.99
0.12,0.04,1.07
0.12,0.03,0.86
0.12,0.04,0.92
0.1,0.05,1.06
0.09,-0.01,1.17
0.08,-0.01,1.06
0.1,-0.01,0.93
0.11,0.1,0.87
0.13,0.05,0.96
0.09,0.02,1.12
0.1,0.12,0.97
0.08,0.03,1.21
0.12,0.15,0.78
0.14,0.07,1.01
0.06,0.07,0.96
0.1,0,1.07
0.11,0.06,1.02
0.1,0.03,1
0.14,0.08,0.9
0.19,0.07,0.99
0.15,0.05,1.05
0.14,-0.03,1.22
0.13,0.01,1
0.13,0.06,0.94
0.14,0.1,0.8
0.17,0.11,0.97
0.16,0.1,1.08
0.18,0.01,1.29
0.14,-0.02,1.09
0.12,-0.01,0.89
0.14,0.03,0.82
0.16,0.02,0.99
0.13,0.01,1.13
0.18,0.05,1.12
0.12,0,1.12
0.09,0.01,0.85
0.12,0.02,0.85
0.16,0.05,1.02
0.17,0.04,1.11
0.15,0.1,0.98
0.14,0,1
0.11,0.03,0.78
0.15,0.07,0.96
0.13,0,1.11
0.13,0,1.17
0.06,-0.01,1.04
0.11,0.04,0.85
0.15,0.03,0.86
0.14,0.08,1.03
0.16,0.07,1.1
0.09,0.11,1.02
0.13,0.02,1.03
0.14,0.04,0.87
0.15,0.06,0.91
0.16,0,1.01
0.12,0,1.12
0.13,0.03,1.01
0.11,0.04,0.89
0.14,0.05,0.91
0.16,0.06,1.05
0.14,0,1.13
0.15,0.04,1.13
0.1,0.06,1.02
0.14,0.06,0.86
0.17,0.07,0.87
0.15,0.06,0.94
0.13,0.02,1.11
0.13,0.05,1.02
0.12,0.05,0.95
0.14,0.03,0.85
0.13,0.04,0.97
0.12,0.05,1.11
0.11,-0.06,1.22
0.11,-0.04,1
0.1,0.02,0.9
0.11,0.05,0.88
0.15,0,0.99
0.1,0.01,1.05
0.14,0.07,1
0.1,0.04,1.07
0.16,0.11,0.82
0.17,0.09,0.95
0.16,0.07,0.99
0.13,-0.01,1.13
0.14,0,1.05
0.14,-0.01,0.9
0.14,0.04,0.9
0.16,0.01,0.97
0.09,0.01,1.07
0.18,0.01,1.14
0.08,-0.04,1.05
0.08,0.02,0.88
0.07,-0.01,0.89
0.11,0.09,1.05
0.1,0,1.14
0.07,-0.02,1.04
0.09,-0.05,0.95
0.08,0,0.84
0.16,0.06,0.97
0.13,-0.02,1.08
0.13,0.02,1.08
0.11,-0.05,1.11
0.1,-0.01,0.93
0.11,0.04,0.85
0.16,0.1,1.04
0.12,0,1.12
0.11,0,1
0.12,-0.05,1.01
0.1,0.02,0.86
0.14,0.02,0.96
0.12,-0.02,1.04
0.12,-0.05,1.18
0.04,-0.03,1.06
0.08,-0.03,0.85
0.12,0.02,0.87
0.13,0.03,1.02
0.15,0.03,1.11
0.15,0.09,1.1
0.14,-0.02,1.06
0.13,0.02,0.78
0.12,0.03,0.87
0.13,-0.02,1.04
0.12,-0.05,1.23
0.08,-0.02,0.93
0.12,0.06,0.95
0.13,0.07,0.88
0.13,0.02,0.96
0.12,0.02,1.12
0.11,-0.1,1.25
0.1,-0.06,1.07
0.11,0.04,0.87
0.13,0.05,0.84
0.15,-0.01,1.06
0.11,0,1.08
0.16,0.08,1.01
0.12,0.02,1.08
0.11,0.05,0.83
0.13,0.05,0.88
0.14,0.1,1.04
0.15,0.01,1.2
0.11,0.02,0.99
0.13,0.01,0.9
0.11,0,0.87
0.14,0,1
0.09,0.01,1.11
0.16,0.08,1.05
0.12,0.07,1.15
0.15,0.07,0.81
0.16,0.07,0.88
0.13,0.1,1.05
0.16,0,1.21
0.13,0.04,1.05
0.14,0.04,0.87
0.13,0.09,0.82
0.16,0.07,1.01
0.12,0.04,1.13
0.16,0.08,1.03
0.12,0.02,1.14
0.1,0.08,0.77
0.14,0.09,0.89
0.14,0.09,1.06
0.14,0.01,1.2
0.15,-0.01,1
0.13,0.03,0.86
0.15,0.04,0.9
0.17,0.06,0.91
0.15,0.05,1.12
0.16,0.08,1.03
0.13,0.04,1.17
0.13,0.04,0.79
0.14,0.06,0.95
0.15,0.08,1.03
0.15,-0.05,1.18
0.14,0,1.06
0.15,0.01,0.91
0.16,0.08,0.83
0.18,0.06,0.97
0.13,0.03,1.06
0.14,0.05,1.1
0.13,0.01,1.09
0.12,0.05,0.81
0.16,0.05,0.88
0.17,0.08,1.01
0.14,0.01,1.15
0.11,0.04,0.99
0.13,-0.01,0.99
0.12,0.05,0.81
0.15,0.03,0.99
0.15,-0.03,1.13
0.18,0,1.18
0.1,0.04,1.05
0.12,0.06,0.84
0.12,0.04,0.87
0.12,0.06,1.01
0.13,0,1.15
0.13,-0.01,1
0.13,0,0.91
0.1,0,0.88
0.13,0.03,0.93
0.11,-0.01,1.07
0.12,0.04,1.09
0.11,0.01,1.11
0.11,0.01,0.91
0.12,0.06,0.87
0.1,0.03,1.05
0.12,-0.02,1.2
0.1,-0.01,1.06
0.1,-0.04,0.86
0.14,0.07,0.8
0.16,0.07,1
0.15,0.03,1.04
0.19,0.03,1.1
0.13,0.05,1.09
0.15,0.04,0.83
0.16,0.05,0.92
0.16,0.07,1.02
0.15,-0.03,1.12
0.12,0.04,0.97
0.15,-0.01,0.96
0.17,0.05,0.83
0.18,0.02,0.96
0.15,-0.03,1.11
0.12,0.02,1.16
0.09,-0.01,1.03
0.11,0.01,0.88
0.13,0,0.83
0.14,0.05,0.97
0.15,0.01,1.11
0.16,-0.01,1.24
0.12,-0.07,1.05
0.08,-0.06,0.87
0.08,0,0.89
0.12,0.02,0.98
0.1,-0.02,1.09
0.08,0.01,1.14
0.04,0.04,0.95
0.06,0.03,0.94
0.06,0.08,0.93
0.1,0.03,1.04
0.14,0.05,1.04
0.13,0.1,0.98
0.12,0.01,1.09
0.12,0.04,0.99
0.19,0.01,1
0.18,0.06,0.99
0.18,0.02,1
0.18,0.02,1
0.16,0.03,1
0.19,0.05,1.04
0.2,0.09,0.91
0.2,0.1,0.94
0.2,0.1,1.01
0.22,0.08,1.07
0.21,0.06,1.04
0.23,0.06,0.99
0.19,0,1.02
0.19,-0.01,0.9
0.19,0.03,0.93
0.21,0.05,0.98
0.18,0.05,1.12
0.16,0.05,1.12
0.08,-0.01,0.97
0.09,-0.01,0.86
0.13,0.05,0.89
0.14,0.09,1
0.14,0.08,1.07
0.12,0.01,1.16
0.12,-0.02,1.01
0.13,0.01,0.89
0.13,0.06,0.88
0.15,0.07,1
0.07,0.02,1.16
0.11,-0.01,0.95
0.11,0.04,1.04
0.1,0.05,0.83
0.11,0.08,0.92
0.15,0.07,1.09
0.15,-0.05,1.28
0.13,-0.01,0.99
0.12,0.01,0.96
0.13,0.03,0.84
0.14,0.04,0.91
0.11,0.04,1.1
0.13,0.04,1.08
0.07,-0.02,1.15
0.07,0,0.83
0.12,0.05,0.91
0.16,0.11,1
0.13,-0.01,1.13
0.14,0.08,1.07
0.11,0.03,1.01
0.14,0.02,0.87
0.1,0.03,0.89
0.1,0,1.06
0.12,0.04,1.18
0.08,-0.02,1.06
0.1,0.08,0.82
0.13,0.09,0.88
0.13,0.05,1
0.11,0.05,1.1
0.1,-0.03,1.19
0.12,-0.06,1.02
0.13,0,0.83
0.16,0.03,0.87
0.14,0.02,0.98
0.07,0.01,1.15
0.11,0.01,1.02
0.08,-0.01,1.08
0.09,0.04,0.78
0.11,0.03,0.87
0.12,0.07,1.08
0.14,-0.05,1.24
0.15,0.01,1
0.12,0.03,0.87
0.12,0.04,0.78
0.13,0.03,0.99
0.1,0,1.08
0.08,0.04,1.12
0.1,0,1.18
0.09,0.05,0.89
0.13,0.03,0.84
0.12,0.05,1.04
0.17,0.05,1.1
0.16,0.06,1.01
0.16,0,0.97
0.16,0.02,0.77
0.17,0.03,0.99
0.13,-0.01,1.14
0.17,0,1.22
0.05,0,1
0.13,0.04,0.85
0.15,0.07,0.81
0.14,0.1,1.05
0.18,0.04,1.14
0.11,0.11,0.94
0.19,0.07,0.99
0.19,0.06,0.79
0.16,0.08,0.96
0.14,-0.01,1.14
0.16,0.01,1.21
0.08,0,1.09
0.11,0.04,0.86
0.15,0.05,0.84
0.19,0.11,0.99
0.21,0.06,1.16
0.2,-0.01,1.05
0.16,0.02,0.97
0.17,0.05,0.84
0.14,0.05,0.92
0.11,-0.01,1.09
0.1,0.03,1.18
0.11,0,1.05
0.11,0.1,0.8
0.16,0.1,0.83
0.15,0.02,1
0.15,0,1.12
0.15,-0.02,1.15
0.15,-0.04,1.09
0.14,-0.01,0.84
0.13,0.02,0.89
0.11,-0.04,1.08
0.05,-0.04,1.17
0.11,0.03,0.99
0.09,0.02,0.96
0.12,0.03,0.86
0.11,-0.03,0.98
0.12,-0.03,1.08
0.17,-0.07,1.23
0.15,-0.05,1.05
0.15,-0.02,0.91
0.17,0.01,0.88
0.17,0.02,0.92
0.09,-0.07,1.07
0.14,0.01,1.07
0.08,-0.04,1.06
0.14,-0.03,0.93
0.15,0.06,0.86
0.17,0.06,0.98
0.2,0.03,1.15
0.14,0.07,0.99
0.15,-0.02,0.96
0.14,0.02,0.8
0.16,0.08,0.91
0.14,0.04,1.09
0.14,-0.03,1.19
0.09,-0.02,1.04
0.1,0.04,0.81
0.17,0.07,0.85
0.16,0.05,1.05
0.16,0.03,1.11
0.16,-0.01,1.13
0.14,-0.07,1.08
0.15,0,0.8
0.16,0.02,0.91
0.12,-0.03,1.07
0.09,-0.03,1.17
0.06,-0.01,1.04
0.09,0.03,0.85
0.13,0.07,0.83
0.1,0.08,0.92
0.14,0.03,1.13
0.15,-0.07,1.11
0.13,-0.06,1.1
0.15,-0.08,0.97
0.13,0.01,0.84
0.14,-0.03,1.04
0.09,-0.02,1.19
0.13,-0.01,1.09
0.08,0.01,0.97
0.15,0.05,0.76
0.16,0.06,0.9
0.18,0.1,1.07
0.17,-0.06,1.24
0.14,-0.03,1
0.14,-0.05,0.93
0.16,0.05,0.8
0.15,0.05,0.94
0.13,0,1.13
0.12,0.05,1.14
0.09,0.01,1.08
0.17,0.06,0.8
0.19,0.07,0.8
0.21,0.05,1.08
0.18,0.01,1.13
0.17,-0.01,1
0.15,-0.03,1.08
0.14,0.03,0.77
0.16,0.08,0.87
0.13,0.04,1.07
0.1,-0.04,1.23
0.1,-0.01,0.99
0.14,0.01,0.96
0.15,0.07,0.78
0.19,0.04,1
0.15,0.02,1.11
0.18,-0.06,1.24
0.14,-0.04,1.06
0.17,0.01,0.88
0.16,0.08,0.79
0.17,0.05,1.02
0.14,0.01,1.14
0.15,0.03,1.09
0.12,0.01,1.04
0.14,0.05,0.84
0.12,0.08,0.88
0.17,0.09,1.04
0.17,0,1.17
0.15,0.01,1.05
0.15,0.02,0.92
0.14,0.07,0.77
0.15,0.05,0.95
0.14,-0.02,1.13
0.11,0,1.22
0.09,-0.04,1.06
0.11,0.04,0.81
0.18,0.07,0.83
0.2,0.09,1.01
0.21,0.08,1.08
0.19,0.06,1.14
0.15,-0.02,1.08
0.14,-0.02,0.83
0.14,0.06,0.85
0.15,0.01,1.06
0.13,-0.02,1.14
0.13,0.01,1.06
0.15,0.08,0.94
0.16,0.06,0.71
0.2,0.08,0.95
0.22,0.09,1.09
0.18,-0.03,1.12
0.16,0,1.03
0.18,-0.05,1.02
0.2,-0.01,0.85
0.22,0.02,0.94
0.17,-0.02,1.05
0.16,-0.01,1.16
0.13,-0.04,1.06
0.14,0,0.93
0.15,0.01,0.81
0.18,0.06,0.96
0.18,0.03,1.1
0.15,-0.06,1.19
0.13,-0.1,1.06
0.14,-0.05,0.9
0.15,-0.01,0.9
0.15,-0.03,0.99
0.14,-0.02,1.08
0.15,0.01,1.16
0.07,-0.05,1.05
0.1,-0.02,0.81
0.15,0.04,0.84
0.14,0.09,1.01
0.17,0.04,1.12
0.16,0.07,1.03
0.15,-0.01,1.05
0.17,0.02,0.81
0.18,0.06,0.91
0.13,-0.02,1.08
0.11,0.02,1.19
0.12,-0.02,0.99
0.12,0.04,0.89
0.13,0.05,0.77
0.15,0.04,0.99
0.14,0.05,1.12
0.18,0,1.21
0.13,-0.02,1.02
0.15,0.02,0.82
0.15,0.07,0.87
0.18,0.01,0.99
0.12,0.04,1.13
0.17,0.03,1.08
0.09,-0.01,1.13
0.09,0.03,0.75
0.13,0.04,0.88
0.16,0.07,1.02
0.17,0.05,1.17
0.1,0.05,0.94
0.14,0.04,0.95
0.16,0.06,0.82
0.16,0.06,0.98
0.13,-0.06,1.11
0.14,0,1.17
0.11,-0.03,1.08
0.11,-0.04,0.88
0.14,0.01,0.89
0.17,0.05,1.07
0.16,0.03,1.04
0.15,-0.01,1.03
0.16,0,0.93
0.16,0.05,0.79
0.18,0.04,1
0.15,0,1.1
0.18,-0.09,1.26
0.06,-0.07,1.06
0.12,0.02,0.84
0.14,0.06,0.81
0.18,0.12,1
0.17,0.03,1.13
0.16,-0.02,1.15
0.11,-0.05,1.12
0.07,-0.03,0.77
0.12,-0.01,0.95
0.11,-0.05,1.06
0.09,-0.06,1.21
0.1,-0.01,1.02
0.12,0.04,0.92
0.13,0.08,0.82
0.16,0.06,1.01
0.13,0.06,1.06
0.12,-0.08,1.24
0.11,-0.08,1.01
0.1,-0.03,0.84
0.13,0.02,0.87
0.14,-0.02,1.02
0.05,-0.04,1.16
0.11,0.04,1.06
0.09,0,1.02
0.13,0.09,0.74
0.13,0.03,0.97
0.15,0.05,1.04
0.13,-0.01,1.11
0.11,0,1.05
0.14,0.02,0.92
0.13,0.06,0.86
0.16,0.02,0.96
0.11,-0.03,1.17
0.1,-0.04,1.2
0.08,-0.01,1.04
0.11,0.05,0.8
0.13,0.06,0.83
0.18,0.07,1
0.16,0.04,1.14
0.13,0.02,1.17
0.15,-0.05,1.13
0.07,0.02,0.78
0.1,0.1,0.94
0.12,0.01,0.99
0.09,0.03,1.12
0.11,0,1.07
0.09,0.03,1.01
0.13,0.04,0.86
0.14,0.02,0.95
0.12,0.05,1.04
0.14,-0.04,1.24
0.13,-0.06,0.98
0.14,-0.01,0.93
0.17,0.06,0.87
0.18,0.04,0.92
0.12,0.01,1.06
0.15,0.04,1.14
0.11,-0.01,1.1
0.12,0,0.91
0.16,0.01,0.89
0.15,0.06,0.98
0.14,0.03,1.07
0.19,0.07,1.03
0.2,0,1.06
0.2,0.02,0.9
0.2,0.02,0.93
0.19,0.01,1.04
0.14,0,1.15
0.15,0.05,1.05
0.12,0.02,1.07
0.12,0,0.85
0.16,0.01,0.97
0.15,0.05,0.96
0.14,0.01,1.04
0.12,-0.04,1.06
0.15,-0.1,1.11
0.18,-0.08,0.99
0.19,-0.07,0.96
0.21,-0.07,1
0.18,-0.02,1
0.14,0.02,1.04
0.11,-0.02,1.06
0.11,0.06,0.92
0.1,0.05,0.95
0.1,0.08,0.95
0.07,0.07,1
0.12,0.09,1.08
0.11,-0.02,1.11
0.1,-0.02,0.91
0.13,-0.01,0.98
0.15,0.07,0.89
0.17,0.01,1.03
0.12,-0.07,1.04
0.08,-0.03,1.09
0.07,0,0.99
0.12,0.06,0.87
0.14,0.06,0.92
0.15,0.03,1.03
0.12,0.05,1.12
0.12,0,1.18
0.12,-0.06,1.01
0.15,0.03,0.88
0.17,0.09,0.85
0.14,0.02,1
0.11,0.03,1.12
0.15,0,1.12
0.09,-0.02,1.01
0.12,0.03,0.87
0.15,0.03,0.86
0.14,0.08,1.05
0.15,0,1.12
0.13,0.04,1.01
0.15,0.01,1
0.14,0.03,0.82
0.17,0.01,0.95
0.16,-0.05,1.04
0.16,0.02,1.19
0.14,-0.01,0.99
0.11,0.02,0.92
0.15,0.07,0.86
0.14,0.06,1.01
0.14,0.04,1.11
0.12,-0.07,1.1
0.12,-0.02,0.99
0.12,0.03,0.87
0.13,0.04,0.89
0.17,0.02,0.99
0.09,0.04,1.06
0.16,0.02,1.05
0.07,-0.01,1.04
0.08,0.02,0.83
0.15,0.05,0.94
0.11,0.12,1.02
0.14,0.02,1.16
0.1,0.03,0.97
0.12,-0.02,0.9
0.12,0.03,0.84
0.16,0.02,0.96
0.14,0.03,1.06
0.18,0.03,1.12
0.11,0.04,1.08
0.09,0.01,0.9
0.11,0.01,0.82
0.14,0.07,0.97
0.15,0.03,1.16
0.12,0.05,1.08
0.09,-0.04,1.02
0.13,0,0.88
0.15,0.05,0.91
0.14,0.01,1.04
0.07,0.03,1.11
0.13,0.03,1
0.09,0.02,1
0.11,0.02,0.84
0.12,0.04,0.92
0.14,0.08,1.04
0.17,0.04,1.2
0.1,0.01,1.01
0.13,0,0.97
0.12,0.03,0.85
0.11,0.01,0.9
0.1,-0.02,1.12
0.08,-0.02,1.19
0.06,-0.05,1.08
0.11,0.07,0.83
0.11,0.06,0.87
0.12,0.04,1.01
0.16,0.03,1.11
0.13,-0.07,1.18
0.1,-0.09,0.99
0.12,0,0.81
0.13,0.01,0.98
0.14,0,0.99
0.1,-0.04,1.12
0.11,-0.03,1.01
0.1,0,0.99
0.14,0.04,0.87
0.11,0.03,0.97
0.12,0.01,1.08
0.11,-0.12,1.27
0.11,-0.11,1.05
0.1,-0.07,0.87
0.11,-0.01,0.94
0.12,-0.02,0.95
0.08,-0.03,1.08
0.12,0.03,1
0.11,0.01,1.05
0.11,0.01,0.9
0.11,0.01,0.87
0.09,0.06,0.99
0.1,-0.06,1.15
0.1,-0.01,1.03
0.06,0.03,0.87
0.12,0.07,0.91
0.14,-0.03,1
0.04,-0.03,1.04
0.13,0.01,1.07
0.07,-0.02,1.11
0.09,-0.01,0.89
0.14,0.03,0.93
0.11,0.09,1.02
0.09,0.06,1.11
0.11,0.07,0.99
0.11,-0.03,1.11
0.1,0.05,0.78
0.12,0.06,0.95
0.1,-0.04,1.06
0.03,-0.07,1.1
0.09,0,1
0.1,0.02,0.95
0.09,0.1,0.83
0.11,0.06,0.94
0.1,0.06,1.09
0.08,-0.01,1.28
0.11,-0.04,1.08
0.11,-0.02,0.86
0.11,0.05,0.83
0.14,0.02,0.99
0.12,-0.01,1.12
0.14,0.03,1.08
0.09,-0.03,1.1
0.11,0.03,0.79
0.17,0.06,0.94
0.17,0.11,1.04
0.16,0.01,1.14
0.16,0.04,1.02
0.15,0.02,1.01
0.15,0.02,0.84
0.14,0.02,0.98
0.14,-0.01,1.09
0.13,-0.02,1.18
0.1,-0.06,1.08
0.1,0.05,0.91
0.14,0.06,0.82
0.13,0.06,0.99
0.13,0.01,1.11
0.13,-0.04,1.22
0.11,-0.08,1.08
0.09,-0.05,0.8
0.09,0.03,0.89
0.13,0.02,1.01
0.11,0,1.08
0.13,0.08,1
0.12,0,1.08
0.12,0.06,0.79
0.14,0.08,0.93
0.14,0.08,1.06
0.12,-0.02,1.15
0.11,0.02,1.02
0.11,-0.01,0.97
0.13,0.06,0.77
0.13,0.07,0.94
0.1,0,1.09
0.1,-0.03,1.16
0.08,0,1.06
0.09,0.01,0.88
0.11,0.05,0.83
0.13,0.06,0.98
0.16,0.05,1.17
0.12,0.02,1.08
0.09,-0.03,1.05
0.1,0,0.81
0.13,0.04,0.88
0.14,-0.01,1.11
0.1,-0.03,1.21
0.09,-0.01,0.94
0.12,0.07,0.94
0.12,0.07,0.82
0.13,0.07,0.99
0.13,0,1.13
0.14,0.01,1.22
0.13,-0.04,1.11
0.1,-0.02,0.87
0.13,0.01,0.89
0.14,-0.04,1.04
0.05,-0.07,1.15
0.09,-0.06,1.07
0.08,0,1
0.11,0.03,0.81
0.12,0.08,0.9
0.14,0.09,1.02
0.16,-0.02,1.21
0.13,-0.03,1.06
0.14,-0.03,0.9
0.15,0.05,0.84
0.17,0,0.98
0.12,0,1.09
0.13,-0.01,1.11
0.07,-0.02,1.05
0.1,0.04,0.83
0.12,0.04,0.89
0.14,0.08,1
0.14,0.02,1.13
0.11,0.03,1.02
0.16,-0.01,1.04
0.15,-0.01,0.76
0.17,0.02,0.92
0.13,-0.02,1.06
0.1,-0.04,1.17
0.11,-0.02,1.08
0.15,0.08,0.88
0.17,0.06,0.84
0.17,0.06,1.02
0.14,0.05,1.09
0.17,-0.05,1.26
0.14,-0.06,1.07
0.13,0.04,0.85
0.14,0.04,0.82
0.16,0,1.03
0.13,0.03,1.07
0.18,0.06,1.05
0.14,0.04,1.09
0.09,0,0.86
0.13,0.04,0.87
0.17,0.12,1.02
0.16,0.06,1.12
0.16,0.06,1.01
0.11,0.01,1
0.12,0.01,0.82
0.15,0.04,0.91
0.18,0.03,1.03
0.1,0.04,1.11
0.14,0.03,1.01
0.11,0.02,0.96
0.14,0.12,0.84
0.12,0.09,0.98
0.11,0.1,1.08
0.14,0.04,1.26
0.07,-0.01,1
0.07,-0.02,0.99
0.09,0.05,0.93
0.13,0.12,0.99
0.13,0.05,1.11
0.1,0.02,1.08
0.08,0.01,1.02
0.07,0.08,1
0.03,0.15,0.85
0.08,0.08,0.97
0.13,0.06,1.12
0.09,-0.02,1.19
0.1,0.02,0.98
0.13,0.03,0.97
0.14,0,0.9
0.12,0,0.92
0.07,-0.02,1.05
0.12,-0.03,1.17
0.04,0,1.01
0.11,0,0.88
0.14,0.07,0.89
0.16,0.1,1.01
0.13,-0.04,1.12
0.11,0.01,1.02
0.12,-0.05,1.03
0.13,-0.03,0.8
0.12,-0.02,0.94
0.12,-0.08,1.1
0.08,-0.09,1.28
0.06,-0.04,1
0.08,0.02,0.86
0.12,0.03,0.86
0.14,0.02,1.05
0.12,-0.01,1.13
0.14,-0.02,0.99
0.14,-0.06,1.15
0.14,0.03,0.77
0.13,0.02,0.93
0.15,-0.02,1
0.11,-0.02,1.13
0.16,-0.02,1.01
0.09,0,0.98
0.11,0.06,0.78
0.13,0.03,0.97
0.09,0.04,1.1
0.12,-0.07,1.23
0.12,-0.04,1.04
0.11,-0.03,0.88
0.13,0.05,0.81
0.14,-0.01,1.04
0.1,-0.05,1.08
0.14,0.04,1.12
0.11,-0.03,1.08
0.16,0.02,0.8
0.16,0.06,0.94
0.16,0.08,1.04
0.15,-0.05,1.16
0.13,0.01,1.03
0.18,0.01,0.97
0.16,0.03,0.75
0.16,0.04,0.97
0.12,-0.05,1.07
0.11,-0.04,1.25
0.08,-0.06,1.04
0.13,0.04,0.81
0.17,0.06,0.79
0.17,0.06,1.01
0.16,0.05,1.13
0.18,0.07,1.14
0.15,-0.05,1.14
0.13,0,0.75
0.15,0.01,0.91
0.16,-0.04,1.05
0.13,0,1.14
0.13,-0.03,1.01
0.13,0.04,0.96
0.14,0.04,0.81
0.14,0.02,1.01
0.14,0.02,1.1
0.15,-0.09,1.22
0.14,-0.09,1.08
0.13,-0.06,0.88
0.11,-0.03,0.9
0.11,-0.08,1.06
0.07,-0.05,1.11
0.11,-0.04,0.97
0.1,0.07,0.93
0.14,0.06,0.78
0.14,0.08,1.02
0.12,0.03,1.13
0.12,0.01,1.19
0.11,-0.06,1.08
0.12,-0.04,0.88
0.12,0.04,0.86
0.15,0.01,0.99
0.08,-0.01,1.06
0.13,0.07,1
0.11,0.09,1.04
0.12,0.1,0.8
0.14,0.08,0.98
0.15,0.1,1.02
0.09,-0.01,1.19
0.12,-0.02,1.01
0.12,0.02,0.95
0.13,0.03,0.94
0.16,0,0.95
0.21,0.01,1.07
0.19,0.02,0.99
0.13,0.03,0.95
0.12,0.01,1
0.14,0.03,1.05
0.14,0.03,1
0.14,0.02,0.98
0.17,0.04,1.08
0.22,0.02,0.92
0.2,0,1.06
0.18,0.03,0.95
0.22,0.1,0.93
0.2,0.06,0.92
0.2,0.05,1.03
0.18,0.07,1.06
0.16,0.01,1.1
0.12,0.03,0.92
0.13,0.09,0.91
0.14,0.1,0.87
0.14,0.07,0.93
0.15,0.06,1.11
0.15,0.01,1.08
0.18,0.01,1.01
0.18,0.04,1.02
0.16,0.03,0.81
0.16,0,1.02
0.18,0.02,1.04
0.15,0.02,1.1
0.17,0.07,1.04
0.15,0.03,1.02
0.15,0.03,0.81
0.14,0.04,0.98
0.16,0.06,0.98
0.18,0.03,1.15
0.2,0.06,1.01
0.21,-0.03,1.05
0.18,0.03,0.8
0.21,0.08,0.98
0.2,0,1.06
0.15,-0.01,1.19
0.11,0.01,0.93
0.13,0.01,0.92
0.15,0.06,0.87
0.16,0.05,0.99
0.16,0.09,1.07
0.15,-0.01,1.15
0.16,-0.03,1.04
0.16,-0.01,0.9
0.16,0.02,0.92
0.22,0.01,0.98
0.16,0.02,1.06
0.15,0,1.09
0.11,-0.01,1
0.16,0.06,0.84
0.15,0.1,0.85
0.15,0.1,1
0.14,-0.03,1.13
0.13,0.06,1.01
0.13,-0.04,1.05
0.12,0.03,0.85
0.15,0.03,0.95
0.18,0,1.03
0.12,-0.04,1.13
0.12,0,1.03
0.12,0.01,0.95
0.16,0.07,0.87
0.15,0.04,1
0.16,0.06,1.04
0.16,-0.04,1.12
0.13,-0.02,1.05
0.15,-0.03,0.98
0.13,-0.01,0.84
0.15,0,1.02
0.13,-0.07,1.11
0.13,-0.08,1.12
0.09,-0.07,1.08
0.11,0.03,0.86
0.14,0.05,0.88
0.15,0.06,1
0.15,-0.04,1.13
0.13,-0.01,1.08
0.12,-0.04,1.02
0.12,0.03,0.83
0.15,0.05,0.9
0.19,0.01,0.98
0.15,-0.01,1.11
0.14,0.05,1.02
0.09,0,1.01
0.12,-0.02,0.91
0.13,0.03,0.94
0.12,0.05,1.02
0.12,-0.03,1.17
0.14,-0.07,1.05
0.12,-0.02,1
0.14,0.03,0.82
0.15,-0.01,0.94
0.15,0,1.13
0.12,-0.03,1.16
0.08,-0.06,1.09
0.1,-0.02,0.78
0.16,0.05,0.92
0.16,0.02,1.12
0.14,-0.03,1.09
0.11,0.04,1.08
0.13,-0.06,1.04
0.13,0,0.85
0.15,0.02,0.91
0.15,-0.03,1.06
0.1,-0.05,1.08
0.13,-0.01,1.03
0.11,-0.04,0.99
0.11,0.04,0.83
0.12,0.05,0.99
0.12,0.02,1.06
0.11,-0.06,1.18
0.14,0.01,1
0.13,-0.03,0.89
0.14,0.01,0.87
0.16,0,0.95
0.13,-0.02,1.12
0.1,-0.02,1.12
0.1,-0.07,1.09
0.1,-0.05,0.9
0.14,0.03,0.94
0.13,0.05,0.98
0.16,0.04,1.1
0.15,-0.04,1.1
0.13,-0.11,1.04
0.11,0,0.84
0.16,0,0.95
0.16,0,0.98
0.08,-0.04,1.07
0.12,0.03,1.02
0.11,0,1.02
0.12,0.01,0.87
0.14,0.07,0.94
0.15,0.07,1.08
0.13,-0.03,1.14
0.11,0,1.01
0.15,-0.06,0.98
0.14,0.01,0.87
0.16,0,0.95
0.13,-0.04,1.08
0.11,-0.03,1.14
0.08,-0.1,1.14
0.11,0,0.94
0.14,0.01,0.91
0.14,0.06,0.97
0.16,-0.04,1.14
0.09,-0.06,1.08
0.1,-0.1,1.06
0.11,-0.01,0.84
0.14,0.02,0.97
0.16,-0.02,0.99
0.07,-0.03,1.14
0.11,0,1.02
0.09,0,1
0.11,0.05,0.81
0.11,0.02,0.94
0.12,0.05,1.06
0.11,-0.08,1.23
0.1,-0.07,1.01
0.11,-0.04,0.92
0.14,0.03,0.91
0.15,-0.01,0.95
0.11,-0.02,1.06
0.1,-0.02,1.09
0.04,-0.06,1.09
0.09,0.02,0.9
0.11,0.05,0.91
0.11,0.08,0.96
0.13,0,1.13
0.1,-0.01,1.06
0.09,-0.06,0.98
0.09,-0.04,0.86
0.12,0.04,0.93
0.15,-0.05,1.11
0.07,-0.07,1.12
0.08,0,1
0.08,0,0.96
0.08,0.06,0.86
0.11,0.01,1
0.12,0,1.12
0.13,-0.1,1.23
0.13,-0.03,0.99
0.14,-0.05,0.92
0.11,0.05,0.88
0.15,0,0.98
0.09,-0.03,1.02
0.1,-0.01,1.11
0.04,-0.04,1.09
0.09,-0.02,0.87
0.12,0.04,0.92
0.13,0.03,1.04
0.14,-0.01,1.12
0.13,-0.01,1.04
0.1,-0.09,1.06
0.11,0.02,0.87
0.13,-0.01,0.98
0.12,-0.03,0.98
0.1,-0.06,1.1
0.11,-0.01,1.03
0.11,0.04,0.93
0.13,0.05,0.85
0.11,0.03,1
0.11,0.01,1.08
0.1,-0.09,1.13
0.1,-0.04,1.03
0.14,0.01,0.84
0.14,0,0.96
0.16,0.03,0.95
0.11,-0.01,1.06
0.1,0.01,1.07
0.05,-0.08,1.1
0.07,0.02,0.82
0.1,0.01,0.95
0.14,0.06,1.02
0.09,-0.05,1.09
0.08,-0.11,1.1
0.09,-0.03,0.95
0.12,0.02,0.86
0.14,0.01,0.95
0.11,-0.02,1.01
0.09,-0.1,1.11
0.09,-0.01,1
0.08,-0.07,1.09
0.08,0,0.9
0.1,0,0.95
0.1,0.04,0.96
0.13,-0.03,1.1
0.1,-0.07,1.13
0.13,0.05,0.95
0.12,-0.05,1.01
0.14,-0.02,0.83
0.15,0,0.99
0.14,-0.04,1.06
0.13,-0.02,1.13
0.13,0,1
0.1,-0.01,1.01
0.11,0.01,0.9
0.12,0.01,0.94
0.13,0.06,1
0.15,-0.01,1.06
0.15,-0.02,1.09
0.11,-0.11,1.04
0.13,-0.07,0.88
0.14,-0.04,0.95
0.12,-0.04,0.93
0.08,0.01,1.09
0.12,0,1.05
0.08,-0.1,1
0.1,-0.01,0.86
0.12,-0.04,0.98
0.12,0.02,1.02
0.14,-0.01,1.1
0.1,-0.14,1.15
0.07,-0.11,0.99
0.11,-0.07,0.92
0.12,-0.03,0.91
0.14,-0.04,1.01
0.05,-0.07,1.1
0.09,-0.03,1.04
0.03,-0.08,1.06
0.1,0,0.86
0.12,0.03,0.94
0.11,0.04,1.02
0.11,-0.05,1.15
0.08,-0.03,1
0.1,-0.09,1.03
0.11,0.01,0.86
0.13,0.03,0.93
0.13,-0.04,1.08
0.08,-0.08,1.17
0.06,-0.07,0.99
0.1,-0.01,0.95
0.13,0.02,0.85
0.13,0.02,0.97
0.14,0,1.06
0.1,-0.18,1.17
0.13,-0.05,1.07
0.14,-0.02,0.91
0.12,0,0.85
0.15,-0.03,0.97
0.11,-0.09,1.11
0.07,-0.12,1.17
0.07,-0.11,1.11
0.09,-0.07,0.91
0.12,-0.01,0.87
0.13,0,1.02
0.11,-0.07,1.07
0.08,-0.16,1.11
0.09,-0.14,1.06
0.09,-0.06,0.91
0.13,-0.02,0.95
0.15,-0.04,1.01
0.05,-0.04,1.04
0.09,-0.08,1.06
0.08,-0.06,1.01
0.1,-0.04,0.89
0.08,-0.03,0.95
0.11,-0.01,1.05
0.11,-0.08,1.16
0.11,-0.08,1.03
0.11,-0.03,0.85
0.09,-0.02,0.88
0.14,-0.04,0.93
0.11,-0.04,1.09
0.1,-0.02,1.11
0.05,-0.09,1.04
0.08,-0.02,0.86
0.12,0.01,0.92
0.11,-0.01,1.02
0.07,-0.07,1.12
0.08,-0.03,1.02
0.09,-0.11,1
0.11,-0.04,0.86
0.16,0,0.95
0.15,-0.06,1.07
0.14,-0.09,1.17
0.11,-0.04,1.01
0.12,0,0.88
0.11,-0.01,0.88
0.12,-0.01,0.97
0.12,-0.02,1.12
0.1,-0.15,1.15
0.08,-0.09,1.09
0.13,-0.04,0.83
0.14,-0.01,0.89
0.17,-0.03,0.99
0.12,-0.06,1.06
0.15,-0.05,1.03
0.12,-0.12,1.1
0.12,-0.02,0.86
0.13,-0.01,0.92
0.11,0.01,0.99
0.13,-0.04,1.1
0.13,-0.03,1.01
0.1,-0.11,1
0.17,-0.02,0.84
0.13,-0.02,0.94
0.15,-0.1,1.09
0.07,-0.11,1.15
0.06,-0.11,1.05
0.09,-0.03,0.89
0.12,0.04,0.87
0.13,0,0.99
0.12,-0.04,1.1
0.09,-0.1,1.12
0.09,-0.09,1.03
0.12,-0.04,0.93
0.13,-0.03,0.9
0.14,-0.06,0.92
0.1,-0.08,1.03
0.09,-0.05,1.11
0.05,-0.11,1.15
0.12,0,0.82
0.14,0.02,0.9
0.17,0.05,0.93
0.18,-0.04,1.11
0.14,-0.07,1.1
0.14,-0.15,1.05
0.16,-0.07,0.9
0.19,-0.05,0.92
0.17,-0.02,0.92
0.11,-0.02,0.99
0.1,-0.04,1.12
0.1,-0.1,1.04
0.12,-0.04,0.93
0.11,-0.01,0.91
0.12,-0.01,0.95
0.13,-0.03,1.05
0.15,-0.05,1.03
0.22,-0.15,1.05
0.16,-0.15,0.93
0.15,-0.09,0.96
0.15,-0.08,1.02
0.13,-0.09,1.01
0.14,-0.09,0.98
0.15,-0.05,0.99
0.12,-0.02,0.98
0.11,0.02,0.97
0.11,0.01,1.01
0.07,0.05,0.96
0.11,0.03,1.03
0.11,0.06,0.99
0.11,-0.03,1.06
0.1,-0.04,1.07
0.09,-0.05,0.99
0.1,-0.05,0.99
0.12,0.01,0.91
0.14,-0.01,0.94
0.13,-0.02,0.95
0.1,-0.09,1.09
0.1,-0.03,1.04
0.06,-0.04,1.03
0.09,-0.03,0.94
0.12,0.01,0.95
0.12,0.02,1
0.14,-0.04,1.08
0.15,-0.03,1.09
0.14,-0.12,1
0.11,-0.04,0.89
0.13,-0.03,0.92
0.14,-0.04,0.98
0.08,-0.06,1.05
0.12,-0.03,1
0.07,-0.03,1.01
0.08,-0.02,0.9
0.09,-0.05,0.97
0.11,0.01,0.99
0.08,-0.1,1.12
0.1,-0.05,1
0.1,-0.1,1.01
0.09,-0.01,0.81
0.13,-0.02,0.95
0.14,-0.08,1.08
0.05,-0.11,1.2
0.05,-0.1,0.98
0.1,-0.02,0.89
0.13,0.03,0.86
0.09,-0.06,1.01
0.07,-0.08,1.11
0.07,-0.13,1.1
0.1,-0.14,1.06
0.12,-0.06,0.87
0.13,-0.06,0.93
0.13,-0.05,0.95
0.08,-0.07,1.09
0.11,-0.06,1.06
0.08,-0.08,1.04
0.1,-0.03,0.87
0.1,-0.03,0.91
0.11,-0.01,1.01
0.09,-0.05,1.13
0.1,-0.03,0.99
0.09,-0.13,1.03
0.09,-0.05,0.81
0.13,-0.06,0.97
0.13,-0.09,1.08
0.08,-0.14,1.16
0.05,-0.05,1
0.07,-0.04,0.9
0.13,0.01,0.9
0.11,0,0.97
0.13,-0.04,1.1
0.1,-0.09,1.15
0.11,-0.08,1
0.12,-0.06,0.9
0.12,-0.04,0.9
0.13,-0.08,0.96
0.09,-0.07,1.07
0.1,-0.02,1.09
0.09,-0.12,1.1
0.11,-0.03,0.82
0.13,-0.05,0.98
0.11,-0.01,1.01
0.12,-0.08,1.12
0.11,0.01,0.96
0.11,-0.13,1.08
0.09,-0.06,0.84
0.11,-0.06,0.96
0.11,-0.07,1.03
0.05,-0.11,1.15
0.06,-0.08,1.04
0.08,-0.01,0.87
0.12,0.03,0.86
0.12,0.02,0.99
0.11,-0.03,1.1
0.07,-0.15,1.2
0.1,-0.09,1.01
0.11,-0.08,0.92
0.11,-0.05,0.88
0.15,-0.05,0.95
0.11,-0.03,1.08
0.14,-0.01,1.04
0.07,-0.03,1.04
0.11,0,0.87
0.13,-0.02,0.96
0.15,0.03,1.03
0.11,-0.06,1.15
0.1,-0.03,1
0.1,-0.08,0.96
0.1,-0.03,0.84
0.13,-0.03,1
0.11,-0.06,1.05
0.09,-0.06,1.13
0.06,-0.08,1.07
0.1,-0.03,0.89
0.15,0.03,0.84
0.15,0.06,1.01
0.1,-0.03,1.15
0.06,-0.04,1.09
0.09,-0.12,1.07
0.11,0,0.86
0.12,-0.01,0.92
0.12,-0.02,0.95
0.05,-0.02,1.08
0.1,-0.08,1.13
0.03,-0.07,1
0.08,0,0.9
0.13,0.06,0.88
0.16,-0.02,1.02
0.11,-0.08,1.12
0.09,-0.03,1.12
0.1,-0.12,0.96
0.17,0.04,0.9
0.12,0,0.97
0.15,-0.02,0.94
0.13,-0.03,1.03
0.12,-0.08,1.15
0.04,-0.08,1.01
0.09,-0.05,0.9
0.13,-0.01,0.89
0.12,0.02,0.99
0.12,-0.03,1.07
0.08,-0.12,1.16
0.1,-0.08,1.01
0.11,-0.08,0.92
0.1,-0.01,0.91
0.14,-0.05,0.96
0.1,-0.1,1.11
0.08,-0.11,1.11
0.06,-0.08,1.02
0.09,0.04,0.85
0.12,0.02,0.9
0.11,-0.01,1.01
0.1,-0.06,1.15
0.07,-0.14,1.11
0.1,-0.08,0.98
0.11,-0.07,0.93
0.13,-0.02,0.88
0.15,-0.07,1.01
0.1,-0.09,1.04
0.1,-0.06,1.1
0.08,-0.12,1.13
0.06,-0.04,0.83
0.13,-0.02,0.91
0.12,0.02,1.01
0.12,-0.03,1.1
0.1,0,1.06
0.1,-0.12,1.04
0.1,-0.06,0.89
0.13,-0.05,0.96
0.16,-0.05,0.99
0.09,-0.05,1.03
0.11,-0.01,1.01
0.09,-0.08,1.09
0.1,0.01,0.85
0.12,0.03,0.9
0.13,0,1.01
0.11,-0.1,1.14
0.11,-0.05,1
0.12,-0.12,0.96
0.08,0.02,0.82
0.13,-0.04,0.99
0.11,-0.1,1.08
0.1,-0.14,1.14
0.06,-0.11,0.97
0.08,-0.02,1.02
0.12,0,0.87
0.12,-0.03,1
0.1,-0.03,1.06
0.11,-0.14,1.21
0.11,-0.08,1.01
0.11,-0.04,0.89
0.13,-0.02,0.87
0.16,-0.04,0.96
0.1,-0.07,1.13
0.11,-0.05,1.05
0.06,-0.03,1.1
0.07,-0.03,0.85
0.12,0.01,0.93
0.12,-0.01,1.08
0.11,-0.11,1.17
0.14,-0.08,1
0.11,-0.06,0.93
0.11,0.01,0.81
0.13,-0.05,0.95
0.1,-0.11,1.11
0.09,-0.07,1.11
0.04,-0.09,1.1
0.08,0,0.82
0.12,0.01,0.87
0.13,0.01,1.01
0.12,-0.07,1.12
0.07,-0.08,1.05
0.1,-0.13,1.07
0.12,-0.04,0.84
0.13,-0.02,0.94
0.1,-0.05,0.96
0.04,-0.07,1.15
0.08,-0.06,1.06
0.07,-0.01,1
0.09,-0.01,0.89
0.1,-0.02,0.92
0.1,0,0.99
0.13,0.02,1.1
0.12,-0.09,1.06
0.1,-0.05,1.03
0.13,-0.01,0.84
0.12,-0.02,0.98
0.13,-0.06,1.06
0.07,-0.09,1.14
0.08,-0.04,1.01
0.07,-0.01,0.99
0.11,0.05,0.84
0.11,0.06,0.94
0.14,0.06,1.05
0.13,-0.02,1.18
0.1,-0.03,1.06
0.08,-0.07,0.97
0.11,0.12,0.71
0.13,0.01,1.03
0.11,0.02,1.06
0.1,-0.14,1.14
0.1,-0.05,1.12
0.1,0.04,0.85
0.11,0.08,0.92
0.07,0.03,0.94
0.12,0.01,1.11
0.11,-0.05,1.19
0.13,-0.04,1.01
0.12,-0.02,0.83
0.14,0.06,0.88
0.11,0,0.98
0.1,-0.06,1.07
0.11,-0.04,1.09
0.09,-0.03,1.02
0.09,0.03,0.87
0.08,0.02,0.95
0.1,0.08,1.01
0.14,-0.01,1.14
0.11,0,1.02
0.09,-0.05,0.96
0.07,-0.01,0.88
0.17,-0.02,0.98
0.13,-0.09,1.12
0.07,-0.06,1.11
0.04,-0.08,1.08
0.06,0.02,0.87
0.07,0.09,0.85
0.08,0.1,1
0.1,-0.02,1.13
0.11,-0.06,1.13
0.17,-0.03,1.04
0.14,0.02,0.89
0.12,0.09,0.89
0.13,0.01,0.95
0.13,-0.02,1.13
0.09,0.02,1.02
0.1,0.04,1.04
0.07,0.02,0.84
0.09,0.02,0.94
0.13,0.06,1.03
0.16,-0.04,1.21
0.15,-0.08,1.06
0.14,-0.05,1.03
0.13,-0.03,0.83
0.14,0.03,0.93
0.12,0,1.06
0.1,0,1.12
0.05,-0.05,1.09
0.08,0.04,0.84
0.12,0.07,0.89
0.1,0.11,0.99
0.13,-0.01,1.09
0.13,-0.04,1.06
0.12,-0.05,1.05
0.12,0.01,0.79
0.14,0,0.93
0.15,-0.05,1.04
0.08,-0.09,1.17
0.13,-0.01,0.98
0.1,-0.03,1.03
0.1,0.02,0.88
0.11,0.03,0.95
0.14,0.06,1.02
0.14,-0.04,1.13
0.11,0,0.93
0.14,-0.03,0.98
0.09,0.03,0.84
0.12,0,0.92
0.12,-0.04,1.08
0.09,-0.09,1.11
0.06,-0.05,1.08
0.04,0.01,0.9
0.13,0.01,0.9
0.12,0,0.98
0.11,-0.04,1.07
0.08,-0.12,1.16
0.12,-0.12,1.06
0.11,-0.1,0.92
0.14,-0.03,0.93
0.14,-0.03,0.93
0.1,-0.05,1.06
0.12,-0.1,1.11
0.1,-0.14,1.1
0.07,-0.08,0.9
0.12,-0.02,0.89
0.13,0.01,1
0.16,-0.03,1.11
0.15,-0.08,1.11
0.14,-0.11,1.01
0.12,-0.05,0.89
0.14,-0.02,0.9
0.16,-0.02,0.98
0.11,-0.05,1.08
0.14,-0.02,1.08
0.1,-0.06,1.06
0.1,-0.01,0.86
0.11,0.01,0.88
0.13,0.06,0.99
0.16,0.01,1.06
0.12,0,1.07
0.14,-0.07,1.06
0.13,-0.03,0.82
0.15,-0.03,0.95
0.13,-0.04,0.96
0.12,-0.08,1.13
0.18,0,1.02
0.08,-0.03,1.01
0.13,0.01,0.91
0.12,0.03,0.92
0.14,0.05,0.99
0.15,-0.04,1.08
0.16,0,1.02
0.13,-0.03,1.01
0.14,0.02,0.8
0.12,0.02,0.94
0.13,-0.03,0.93
0.15,-0.06,1.13
0.13,-0.06,1.1
0.09,-0.08,1.06
0.08,-0.01,0.84
0.11,-0.06,0.95
0.1,-0.01,0.98
0.14,-0.1,1.11
0.14,-0.07,1.01
0.16,-0.06,1.06
0.12,-0.02,0.81
0.13,-0.02,0.95
0.14,-0.08,0.98
0.08,-0.1,1.09
0.09,-0.05,1.01
0.05,-0.13,1.12
0.04,-0.04,0.82
0.12,-0.03,0.99
0.13,-0.03,1.02
0.11,-0.16,1.13
0.15,-0.12,0.98
0.15,-0.09,1.01
0.16,-0.06,0.94
0.2,-0.11,0.96
0.17,-0.08,1.02
0.17,-0.06,0.99
0.12,-0.05,0.98
0.12,-0.05,0.97
0.14,0,1.01
0.13,0.01,0.98
0.15,0.02,0.99
0.14,-0.02,0.99
0.16,0.01,0.97
0.15,-0.04,1.05
0.18,-0.03,0.94
0.2,-0.03,1.03
0.17,-0.01,0.93
0.17,-0.01,0.98
0.18,-0.02,1.02
0.17,-0.06,1.03
0.12,-0.12,1.08
0.11,-0.06,1
0.1,-0.01,0.91
0.14,0.02,0.89
0.12,0.02,0.96
0.12,0.01,1.07
0.13,-0.07,1.03
0.15,-0.1,1.13
0.15,-0.05,0.97
0.15,-0.06,0.96
0.14,-0.04,0.88
0.16,-0.06,0.94
0.11,-0.01,1.08
0.14,-0.04,1.08
0.09,-0.11,1.08
0.1,-0.05,0.85
0.14,0.01,0.91
0.12,0,1
0.13,-0.03,1.07
0.14,-0.15,1.17
0.13,-0.08,0.97
0.15,-0.08,0.97
0.14,-0.04,0.86
0.17,-0.03,0.97
0.12,-0.07,1.08
0.1,-0.1,1.17
0.08,-0.1,0.97
0.11,-0.03,0.92
0.14,0.04,0.87
0.11,0.03,1
0.12,-0.04,1.04
0.14,-0.11,1.19
0.13,-0.09,1.02
0.12,-0.07,0.93
0.12,-0.02,0.85
0.15,0,0.96
0.11,-0.06,1.1
0.12,-0.07,1.16
0.08,-0.08,1.12
0.09,-0.05,0.9
0.13,-0.03,0.86
0.1,-0.04,1.01
0.13,-0.07,1.09
0.1,-0.1,1.17
0.1,-0.07,1
0.12,-0.08,0.99
0.13,0.01,0.87
0.16,-0.02,0.92
0.09,-0.05,1.08
0.12,-0.08,1.17
0.07,-0.07,1.01
0.06,-0.01,0.93
0.11,0,0.88
0.12,0.02,0.95
0.16,-0.01,1
0.2,-0.09,1.19
0.07,-0.02,1.01
0.13,-0.06,1.01
0.07,-0.04,0.85
0.14,-0.05,0.93
0.14,-0.09,1.05
0.11,-0.11,1.18
0.08,-0.03,1.01
0.06,-0.06,1.02
0.1,0.02,0.84
0.11,-0.02,0.94
0.11,0.03,0.99
0.14,-0.05,1.13
0.13,-0.01,0.97
0.15,-0.06,0.98
0.12,0.04,0.82
0.11,-0.02,1.01
0.16,-0.1,1.14
0.09,-0.11,1.11
0.11,-0.11,1.03
0.06,-0.01,0.96
0.1,0.02,0.86
0.13,-0.01,0.99
0.14,-0.04,1.11
0.1,-0.2,1.22
0.08,-0.07,0.96
0.1,-0.08,0.94
0.13,-0.04,0.87
0.15,-0.03,0.94
0.11,-0.07,1.08
0.09,-0.08,1.15
0.08,-0.07,1.03
0.07,-0.03,0.85
0.11,-0.01,0.9
0.09,-0.02,0.95
0.1,-0.04,1.1
0.1,-0.1,1.16
0.11,-0.13,1.03
0.14,-0.02,0.89
0.13,0.03,0.93
0.15,-0.02,0.96
0.12,-0.03,1.08
0.11,-0.08,1.1
0.15,-0.12,1.06
0.06,-0.01,0.85
0.1,0,0.87
0.14,-0.01,1.01
0.12,-0.03,1.1
0.1,-0.09,1.05
0.12,-0.16,1.12
0.11,-0.05,0.79
0.13,-0.05,0.95
0.18,-0.06,0.99
0.1,-0.12,1.12
0.11,-0.08,1.04
0.06,-0.14,1.06
0.08,-0.03,0.82
0.12,-0.01,0.96
0.08,-0.01,1.02
0.11,-0.1,1.08
0.1,-0.04,1.07
0.12,-0.15,1.04
0.09,-0.06,0.83
0.12,-0.02,0.93
0.14,-0.08,1.01
0.1,-0.05,1.04
0.1,-0.03,1.03
0.07,-0.09,0.97
0.1,-0.02,0.84
0.12,-0.03,0.92
0.11,0.01,1.02
0.12,-0.03,1.09
0.14,-0.01,1
0.13,-0.08,1.02
0.1,-0.03,0.83
0.12,0,1.01
0.11,-0.07,0.97
0.1,-0.08,1.17
0.09,-0.08,1.06
0.04,-0.02,0.98
0.11,0.02,0.78
0.12,-0.03,0.98
0.09,-0.04,1.03
0.13,-0.14,1.18
0.13,-0.02,1.01
0.14,-0.06,0.95
0.13,-0.01,0.83
0.13,-0.03,0.99
0.13,-0.09,1.08
0.08,-0.14,1.18
0.09,-0.09,1.08
0.09,-0.01,0.85
0.11,0.05,0.84
0.13,0.01,0.99
0.09,-0.07,1.16
0.12,-0.15,1.18
0.11,-0.07,0.97
0.1,-0.08,0.92
0.13,-0.01,0.87
0.15,-0.02,1
0.1,-0.08,1.08
0.1,-0.09,1.18
0.06,-0.1,1.04
0.1,-0.04,0.98
0.1,0,0.85
0.11,0.02,0.97
0.14,0,1.15
0.13,-0.07,1.09
0.11,-0.07,1.02
0.11,-0.03,0.89
0.14,-0.01,0.91
0.13,-0.01,0.96
0.09,-0.11,1.15
0.11,-0.02,1.08
0.1,-0.02,1.01
0.1,0,0.82
0.12,0.02,0.96
0.15,-0.01,1.09
0.11,-0.12,1.16
0.1,-0.02,0.98
0.12,-0.07,0.96
0.12,0.03,0.86
0.14,-0.02,0.97
0.13,-0.03,1.06
0.12,-0.06,1.15
0.1,-0.06,1.04
0.11,0.04,0.89
0.14,0.05,0.82
0.12,-0.01,0.97
0.12,-0.01,1.07
0.18,-0.14,1.22
0.17,-0.1,1.14
0.12,-0.01,0.83
0.14,0.05,0.87
0.17,0.03,1.05
0.15,0.02,1.1
0.02,-0.03,1.13
0.02,-0.07,0.97
0.04,-0.01,0.83
0.12,0.04,0.88
0.14,0.06,1.08
0.15,-0.05,1.19
0.11,-0.1,0.94
0.17,-0.1,0.93
0.13,0.06,0.81
0.21,0.07,0.96
0.21,-0.02,1.09
0.15,-0.03,1.21
0.13,-0.06,1
0.11,-0.01,0.86
0.16,0.07,0.77
0.21,0.22,0.96
0.19,0.17,1.21
0.19,0.02,1.02
0.2,-0.07,1.08
0.17,0.03,0.79
0.15,0.02,0.94
0.14,-0.13,1.07
0.15,-0.12,1.15
0.11,-0.01,1.05
0.04,-0.04,0.96
0.08,0.06,0.83
0.12,0.01,0.91
0.08,-0.06,1.12
0.09,-0.04,1.2
0.04,-0.03,0.91
0.03,-0.03,1.06
0.08,-0.01,1.05
0.04,0.01,1
0.03,-0.09,1.01
0.08,-0.12,0.99
0.15,-0.16,1
0.13,-0.13,0.97
0.11,-0.1,1.07
0.14,-0.09,1.09
0.09,0,0.99
0.08,0.06,1.01
0.1,0.02,1.15
0.07,-0.02,1.18
0.1,0.02,1.06
0.09,0.02,0.97
0.1,0.06,0.9
0.09,0.07,0.97
0.08,0.08,0.94
0.12,0.1,0.93
0.16,0.01,1.08
0.13,-0.06,1.05
0.11,-0.03,1.01
0.16,-0.01,1
0.18,0.04,0.95
0.16,0.03,0.96
0.2,0.03,1.06
0.14,-0.06,1.1
0.14,-0.01,0.98
0.11,0.03,1.03
0.13,0.09,0.83
0.1,0.03,0.99
0.12,0.05,1.03
0.12,-0.1,1.17
0.11,-0.07,1.02
0.12,-0.02,1
0.12,0.05,0.88
0.17,-0.02,0.99
0.14,-0.03,1
0.07,-0.14,1.13
0.1,-0.01,1.04
0.09,0.07,0.99
0.08,0.01,0.88
0.11,0.04,0.94
0.14,0.01,1.07
0.08,-0.07,1.18
0.11,-0.04,1.02
0.13,-0.03,1.03
0.14,0.05,0.88
0.15,0.04,0.94
0.13,-0.04,1.04
0.1,-0.18,1.28
0.08,-0.1,1.09
0.08,-0.01,0.87
0.09,0.01,0.91
0.09,0.09,0.97
0.11,0.01,1.1
0.14,-0.04,1.11
0.1,-0.06,1.06
0.12,0.01,0.84
0.12,-0.01,0.9
0.15,-0.03,0.96
0.09,-0.02,1.05
0.13,-0.02,1.12
0.07,-0.06,1.07
0.1,-0.02,0.85
0.12,-0.03,0.96
0.08,0.02,1
0.09,-0.03,1.05
0.11,-0.04,1.03
0.09,-0.18,1.03
0.09,-0.07,0.89
0.12,-0.06,1.02
0.14,-0.06,1.06
0.13,-0.15,1.17
0.09,-0.05,1.04
0.07,-0.04,0.9
0.12,0.01,0.85
0.12,0.02,1.04
0.11,-0.05,1.12
0.11,-0.1,1.12
0.12,-0.08,1.04
0.12,0,0.85
0.14,0,0.92
0.14,-0.07,1.02
0.06,-0.13,1.17
0.1,-0.07,1.01
0.08,-0.04,0.93
0.12,0,0.88
0.14,0.02,0.97
0.13,-0.05,1.07
0.12,-0.15,1.19
0.13,-0.05,1
0.12,-0.05,0.94
0.14,0,0.88
0.12,-0.08,0.96
0.1,-0.09,1.06
0.06,-0.08,1.13
0.07,-0.12,1.09
0.09,-0.02,0.88
0.12,0.03,0.88
0.13,0,1.05
0.1,-0.11,1.13
0.12,-0.05,0.99
0.15,-0.11,1.06
0.1,-0.04,0.78
0.13,-0.02,0.94
0.15,-0.09,1.05
0.09,-0.15,1.23
0.07,-0.07,0.97
0.11,-0.06,1.02
0.12,-0.03,0.82
0.08,-0.04,0.94
0.13,-0.06,1.09
0.12,-0.2,1.18
0.13,-0.1,1.05
0.09,-0.1,0.91
0.13,0,0.84
0.14,-0.03,0.95
0.11,-0.09,1.12
0.12,-0.12,1.12
0.07,-0.11,1.09
0.12,-0.03,0.84
0.14,-0.01,0.9
0.13,-0.02,1.01
0.12,-0.1,1.13
0.07,-0.09,1.13
0.09,-0.12,1.03
0.07,-0.02,0.88
0.12,-0.02,0.95
0.11,-0.02,0.99
0.05,-0.09,1.07
0.11,0.01,1.08
0.05,-0.06,1.07
0.05,-0.02,0.87
0.05,-0.02,0.86
0.12,-0.16,1.11
0,-0.17,1.18
0.07,-0.16,1.19
0.1,-0.08,1.11
0.04,-0.13,0.94
0.03,-0.16,0.97
0.08,-0.11,1.06
0.08,0,1.06
0.09,-0.05,1
0.04,-0.03,1.01
0.07,0.04,0.98
0.05,-0.01,0.98
0.07,0,1
0.11,0,1.04
0.08,-0.06,0.98
0.1,-0.04,0.95
0.04,-0.05,1.02
0.07,0.03,0.97
0.07,0.07,1.04
0.11,0.05,1
0.09,0.11,1.02
0.16,-0.04,1.11
0.14,0.03,0.97
0.15,0.05,1.01
0.12,0.07,1
0.14,0.06,0.96
0.12,0.05,1.03
0.1,0.07,0.96
0.1,0.05,0.96
0.07,0.06,0.93
0.11,0.09,1.01
0.09,0.08,0.96
0.13,0.14,1.02
0.11,0.1,0.98
0.11,0.06,1.03
0.11,0.04,1.08
0.07,0.12,0.99
0.14,0.09,0.96
0.12,0.13,0.91
0.12,0.07,1.03
0.08,-0.02,1.09
0.11,0.15,0.98
0.12,0.05,0.96
0.06,0.01,0.89
0.11,0.06,0.95
0.04,-0.03,1.13
0.1,-0.05,1.04
0.07,-0.1,1.13
0.08,-0.06,0.93
0.06,-0.1,1.03
0.08,-0.12,1.14
0.01,-0.13,1.09
0.07,-0.11,1.03
0.07,0,1.03
0.05,0.03,1.01
0.07,-0.01,1.02
0.06,0,0.99
0.01,0.07,0.92
0.08,-0.01,0.92
0.07,-0.03,1.01
0.1,0.06,1.03
0.05,0.07,0.98
0.15,0.02,0.93
0.11,-0.02,0.97
0.06,-0.05,0.98
0.11,0.01,1.02
0.08,0.1,0.98
0.12,0.01,1.03
0.14,0.09,0.93
0.13,0.04,1
0.09,0,0.97
0.1,-0.07,1.1
0.1,-0.02,1.1
0.18,0.02,0.95
0.15,-0.06,1.05
0.1,0.05,1
0.1,0.01,1.01
0.1,0.01,1
0.13,0.09,1.01
0.11,0.07,0.99
0.14,0.09,1
0.12,0.04,1
0.13,0.04,1.02
0.13,-0.01,1.1
0.12,0.02,0.97
0.12,0.04,0.97
0.13,-0.01,1.03
0.11,-0.05,1.02
0.04,0,0.96
0.12,0.05,1.03
0.09,0.05,0.98
0.08,0.04,0.93
0.09,0.04,1.02
0.15,0.09,1.05
0.1,-0.04,1.02
0.1,0.01,1.03
0.04,0,0.96
0.02,-0.03,0.99
0.11,0.03,1.01
0.08,0.09,0.96
0.1,0.09,0.92
0.13,0.02,1.01
0.16,-0.04,1.11
0.23,-0.05,1.07
0.15,-0.01,0.99
0.12,-0.01,0.93
0.1,-0.03,0.95
0.03,-0.08,1.06
0.13,0.06,1.07
0.15,0.08,0.9
0.12,0.04,0.9
0.13,0.07,0.97
0.19,-0.06,1.08
0.13,-0.04,1.06
0.15,-0.01,1
0.13,0.02,0.84
0.15,0.01,0.92
0.11,-0.06,1.06
0.1,-0.08,1.16
0.07,-0.01,1.03
0.15,-0.04,0.97
0.13,0,0.89
0.14,0.04,1
0.14,-0.06,1.05
0.19,0.03,1.1
0.18,0,1.04
0.21,-0.01,0.84
0.19,0.01,0.93
0.17,-0.03,1.08
0.17,-0.06,1.16
0.15,0.03,0.95
0.17,0.02,0.97
0.22,0.04,0.9
0.15,-0.01,0.96
0.14,-0.02,1.02
0.2,-0.06,1.19
0.17,-0.02,0.99
0.18,0,0.92
0.17,-0.02,0.9
0.16,-0.05,1
0.12,-0.01,1.07
0.12,0.04,1.04
0.13,0,1.03
0.14,-0.06,0.98
0.13,-0.02,0.92
0.13,0.01,1
0.13,-0.08,1.11
0.17,-0.07,1.04
0.16,-0.01,0.97
0.14,0,0.8
0.16,-0.05,1.03
0.12,-0.08,1.14
0.09,-0.11,1.11
0.06,-0.07,1.03
0.11,0.01,0.86
0.12,0.06,0.91
0.15,0.06,1
0.17,-0.05,1.09
0.13,0,1.04
0.16,-0.09,1.01
0.14,-0.04,0.83
0.15,-0.02,0.92
0.15,-0.04,1.03
0.11,-0.1,1.14
0.11,-0.06,1.07
0.1,0.01,0.9
0.12,0.05,0.83
0.14,0.03,0.95
0.16,0.01,1.09
0.19,-0.08,1.13
0.13,-0.03,1.02
0.14,0.01,0.93
0.14,0.03,0.89
0.15,-0.03,1.02
0.1,-0.07,1.11
0.16,-0.03,1.14
0.06,-0.05,1.06
0.16,0,0.87
0.14,0.06,0.86
0.15,0.06,1.01
0.16,-0.05,1.09
0.15,0,1.05
0.17,0,0.97
0.13,0.02,0.85
0.14,0.02,0.91
0.13,-0.08,1.11
0.12,-0.05,1.17
0.08,-0.02,1.05
0.17,0.05,0.85
0.16,0.05,0.89
0.18,0.03,1.04
0.18,-0.04,1.08
0.18,-0.04,1.05
0.15,-0.03,0.95
0.17,0.03,0.81
0.17,0.01,0.95
0.16,-0.07,1.13
0.2,-0.17,1.26
0.06,-0.09,1.04
0.1,0.02,0.85
0.13,0.05,0.87
0.14,0.08,0.96
0.17,-0.03,1.13
0.14,-0.04,1.05
0.14,-0.02,0.95
0.14,-0.04,0.85
0.16,-0.01,0.91
0.12,-0.06,1.07
0.16,-0.08,1.22
0.06,-0.05,1.09
0.13,-0.03,0.89
0.15,0.02,0.88
0.17,0.03,1.04
0.19,-0.05,1.07
0.16,-0.05,1.08
0.17,-0.04,0.98
0.13,0.01,0.8
0.17,-0.03,0.98
0.16,-0.08,1.09
0.12,-0.1,1.15
0.09,-0.03,1.06
0.12,0.04,0.84
0.15,0.08,0.86
0.2,0.06,0.99
0.2,-0.04,1.16
0.15,-0.11,1.05
0.19,-0.15,1
0.18,0.01,0.79
0.16,-0.01,0.93
0.14,-0.09,1.07
0.13,-0.11,1.21
0.13,-0.01,1.01
0.13,-0.01,0.96
0.15,0,0.76
0.2,0.01,1.01
0.18,-0.07,1.12
0.19,-0.13,1.21
0.16,-0.13,1.11
0.13,-0.03,0.81
0.13,-0.02,0.88
0.14,-0.06,1
0.14,-0.03,1.08
0.16,-0.03,1.08
0.11,-0.04,0.98
0.13,-0.01,0.81
0.18,-0.04,0.93
0.23,-0.03,1.04
0.24,-0.06,1.21
0.24,-0.05,1
0.21,-0.02,0.89
0.21,-0.03,0.86
0.16,-0.03,0.95
0.13,-0.06,1.03
0.1,-0.08,1.12
0.16,-0.06,1.11
0.14,-0.01,0.93
0.14,-0.02,0.87
0.14,0,0.95
0.16,0,1.04
0.18,0,1.03
0.24,-0.11,1.11
0.23,-0.16,0.97
0.23,-0.15,0.98
0.21,-0.12,0.97
0.23,-0.08,1.01
0.2,-0.06,0.98
0.15,-0.02,0.99
0.13,-0.02,1.03
0.13,0.02,0.92
0.14,-0.07,1.06
0.12,-0.1,1.07
0.14,-0.07,0.99
0.18,-0.05,0.95
0.17,-0.03,0.93
0.15,-0.07,1.06
0.1,-0.07,1.13
0.1,-0.01,1.03
0.08,0.05,0.93
0.11,0.05,0.91
0.12,0.01,0.94
0.12,-0.02,1.08
0.1,-0.08,1.13
0.12,-0.07,1
0.1,-0.09,0.91
0.09,-0.03,0.89
0.12,-0.06,1.02
0.12,-0.13,1.08
0.1,-0.06,1.09
0.04,-0.07,1.07
0.1,0,0.88
0.12,0.06,0.87
0.12,0,0.98
0.19,-0.08,1.07
0.15,-0.05,1.02
0.17,-0.07,1
0.14,0.08,0.78
0.14,-0.07,1.06
0.1,-0.1,1.11
0.07,-0.18,1.13
0.07,-0.12,1.05
0.12,0,0.91
0.12,0.01,0.86
0.17,0.03,1.01
0.16,-0.03,1.09
0.09,0.04,0.99
0.19,-0.09,1.06
0.12,0.03,0.75
0.12,-0.01,0.98
0.14,-0.1,1.09
0.07,-0.13,1.18
0.07,-0.03,1.04
0.12,0.01,0.94
0.12,0.06,0.86
0.1,0,1
0.08,-0.08,1.12
0.07,-0.1,1.14
0.14,-0.13,1.09
0.1,-0.02,0.89
0.11,0.03,0.9
0.13,-0.05,0.97
0.08,-0.09,1.09
0.06,-0.08,1.09
0.09,-0.1,1.06
0.07,0,0.95
0.09,0.01,0.92
0.15,-0.03,1.03
0.12,-0.05,1.07
0.19,0.01,1.05
0.17,-0.08,1.02
0.15,0.04,0.88
0.15,0.03,0.91
0.19,-0.02,1
0.15,-0.04,1.04
0.13,-0.05,1.05
0.09,-0.06,1.03
0.14,0,0.87
0.15,0.02,0.96
0.2,0.05,1.01
0.18,-0.05,1.09
0.16,-0.02,1.09
0.17,-0.07,0.99
0.14,0.02,0.85
0.16,-0.01,0.92
0.15,-0.05,0.99
0.11,-0.05,1.05
0.19,-0.06,1.04
0.09,-0.08,1
0.12,-0.02,0.84
0.15,-0.02,0.97
0.15,0.02,0.98
0.19,-0.1,1.08
0,-0.02,0.98
0.18,-0.08,1.02
0.15,-0.04,0.81
0.14,-0.04,0.96
0.16,-0.08,1.14
0.1,-0.13,1.15
0.1,-0.07,1.04
0.11,0.02,0.88
0.13,0.02,0.87
0.14,-0.02,0.96
0.14,-0.07,1.1
0.17,-0.16,1.22
0.14,-0.12,0.98
0.16,-0.02,0.88
0.13,-0.03,0.95
0.16,-0.04,0.95
0.08,-0.06,1.12
0.11,-0.03,1
0.1,-0.04,1.01
0.15,0.04,0.88
0.18,-0.01,0.93
0.2,-0.01,1.04
0.23,-0.06,1.09
0.2,-0.02,1.01
0.21,-0.09,0.97
0.19,-0.07,0.85
0.16,-0.04,0.95
0.14,-0.07,1.05
0.12,-0.15,1.15
0.14,-0.13,1.12
0.14,-0.04,0.88
0.18,0.04,0.89
0.21,-0.01,1.01
0.21,-0.11,1.1
0.19,-0.23,1.15
0.22,-0.14,1.01
0.25,-0.16,0.94
0.19,-0.12,0.88
0.14,-0.1,1
0.1,-0.11,1.08
0.17,-0.07,0.93
0.1,-0.07,0.98
0.14,-0.07,0.93
0.11,-0.04,0.93
0.17,-0.05,1.09
0.15,-0.12,1.11
0.14,-0.08,1
0.2,-0.09,0.94
0.07,-0.02,0.82
0.15,-0.04,0.97
0.16,-0.15,1.04
0.13,-0.18,1.15
0.11,-0.05,0.99
0.12,-0.07,0.94
0.15,-0.02,0.84
0.16,-0.01,0.97
0.2,0.02,1.04
0.18,-0.09,1.07
0.2,-0.07,0.99
0.19,-0.15,1.02
0.17,-0.05,0.85
0.19,-0.06,0.99
0.17,-0.07,1.03
0.14,-0.1,1.11
0.13,-0.07,1.02
0.11,-0.07,0.99
0.11,-0.01,0.82
0.15,0.02,0.95
0.16,0.05,1.01
0.18,-0.05,1.08
0.18,-0.08,1.12
0.18,-0.12,1.02
0.13,-0.03,0.85
0.16,-0.02,0.93
0.15,-0.03,0.96
0.13,-0.1,1.07
0.14,-0.03,1.04
0.11,-0.11,1.11
0.1,-0.01,0.84
0.16,-0.01,0.92
0.17,0.01,1.02
0.18,-0.01,1.07
0.2,-0.07,1.14
0.18,-0.08,1
0.18,-0.03,0.88
0.18,-0.01,0.93
0.2,-0.06,1.01
0.13,-0.07,1.03
0.14,-0.09,1.08
0.11,-0.1,1.04
0.16,0,0.85
0.17,-0.01,0.96
0.19,0.03,0.98
0.19,-0.04,1.09
0.19,-0.07,1.08
0.24,-0.15,1
0.2,-0.04,0.88
0.2,-0.03,0.88
0.23,-0.09,0.97
0.19,-0.12,1.08
0.21,-0.07,1.05
0.21,-0.16,1.05
0.22,-0.07,0.89
0.2,-0.04,0.86
0.21,-0.02,0.98
0.22,-0.14,1.1
0.19,-0.23,1.14
0.18,-0.18,1
0.18,-0.08,0.87
0.18,-0.09,0.92
0.17,-0.05,0.95
0.09,-0.09,1.11
0.14,-0.09,1.05
0.05,-0.1,1.08
0.09,-0.05,0.8
0.12,-0.02,0.93
0.15,0.04,0.97
0.17,-0.02,1.14
0.13,-0.08,1.06
0.15,-0.15,0.99
0.12,-0.04,0.86
0.14,0.01,0.89
0.15,-0.02,0.98
0.15,-0.04,1.12
0.12,-0.05,1.09
0.15,-0.09,1
0.11,-0.02,0.84
0.14,0.03,0.92
0.17,0.05,1
0.19,0,1.07
0.18,-0.1,1.09
0.15,-0.11,1
0.14,-0.02,0.84
0.16,-0.04,0.96
0.15,-0.05,1.04
0.14,-0.12,1.12
0.05,-0.05,0.99
0.09,-0.04,1
0.11,0,0.82
0.12,0.01,0.95
0.2,-0.01,1.1
0.17,-0.11,1.12
0.22,-0.03,1.05
0.19,-0.03,0.92
0.13,0,0.82
0.19,-0.02,1.01
0.15,-0.13,1.08
0.15,-0.14,1.22
0.09,-0.09,1.11
0.12,-0.03,0.84
0.15,0.02,0.87
0.13,0.02,0.97
0.18,-0.09,1.13
0.18,-0.1,1.13
0.13,-0.14,1.05
0.14,-0.1,0.89
0.18,-0.04,0.92
0.17,-0.04,0.95
0.14,-0.06,1.05
0.18,-0.07,1.05
0.11,-0.09,1.04
0.14,-0.03,0.81
0.15,-0.01,0.91
0.16,0.03,0.97
0.17,-0.06,1.07
0.16,-0.08,1.09
0.18,-0.09,1.02
0.2,-0.04,0.84
0.21,-0.04,0.96
0.19,-0.13,1.01
0.18,-0.14,1.11
0,0,0.95
0.14,-0.02,1.03
0.17,-0.04,0.89
0.17,-0.04,0.91
0.17,-0.01,0.97
0.17,-0.06,1.13
0.23,-0.12,1.07
0.2,-0.07,1.06
0.21,-0.11,0.98
0.16,-0.1,0.93
0.15,-0.15,1.07
0.1,-0.08,1.13
0.11,0.01,1.09
0.16,0,0.98
0.11,0.01,0.8
0.14,0.01,0.86
0.15,0,1.05
0.14,-0.04,1.11
0.23,-0.01,0.9
0.17,-0.02,0.98
0.19,-0.02,0.92
0.18,-0.04,0.95
0.13,-0.04,1.08
0.16,-0.09,1.13
0.09,-0.07,1.01
0.13,-0.01,0.94
0.13,0.06,0.84
0.14,0.13,0.99
0.19,0,1.1
0.18,-0.01,1.04
0.16,-0.08,1.01
0.16,0.01,0.83
0.15,0.05,0.9
0.17,-0.03,1.05
0.13,-0.06,1.12
0.12,-0.01,1.01
0.12,0,1.01
0.13,0.05,0.79
0.16,0.04,0.96
0.16,-0.03,1.11
0.17,-0.08,1.18
0.23,-0.04,1.01
0.16,0,0.89
0.14,0.02,0.86
0.16,-0.04,0.95
0.14,-0.02,1.05
0.13,-0.01,1.07
0.07,-0.08,1.06
0.1,0.03,0.83
0.13,0.06,0.92
0.16,0.01,1.03
0.14,-0.08,1.18
0.15,-0.07,1.04
0.16,-0.07,0.9
0.15,0.04,0.79
0.17,-0.02,0.98
0.16,-0.05,1.1
0.13,-0.08,1.14
0.07,-0.07,1.05
0.12,0.04,0.88
0.13,0.02,0.86
0.15,0.01,1.03
0.17,0,1.12
0.13,-0.06,1.04
0.15,-0.03,0.98
0.13,-0.01,0.79
0.14,-0.04,0.97
0.13,-0.07,1.04
0.12,-0.1,1.23
0.11,-0.06,0.99
0.1,0.04,0.88
0.12,0.04,0.81
0.16,-0.02,1.04
0.12,-0.03,1.11
0.11,-0.09,1.12
0.1,-0.11,1.03
0.12,-0.01,0.87
0.14,-0.02,0.93
0.12,-0.08,1
0.1,-0.15,1.21
0.08,-0.06,1.05
0.07,-0.02,0.97
0.08,0.06,0.8
0.14,-0.02,0.99
0.13,-0.02,1.11
0.15,-0.13,1.19
0.11,-0.06,1.1
0.13,0,0.95
0.1,-0.01,0.9
0.14,-0.03,0.91
0.09,-0.04,1.09
0.13,0.02,1.07
0.1,-0.08,1.11
0.07,-0.01,0.89
0.12,0.06,0.85
0.18,0.04,1.05
0.14,0,1.06
0.15,0.1,1.07
0.16,-0.01,1
0.15,0.03,0.84
0.16,0.04,0.85
0.18,-0.02,1.05
0.15,-0.03,1.13
0.13,-0.11,1.06
0.08,-0.04,0.95
0.12,0,0.8
0.13,-0.01,0.95
0.14,-0.05,1.11
0.11,-0.16,1.2
0.15,-0.05,0.92
0.2,-0.03,0.95
0.16,0.01,0.87
0.16,-0.05,0.94
0.12,-0.06,1.07
0.09,-0.06,1.14
0.02,-0.12,1.03
0.07,-0.05,0.88
0.11,0.02,0.88
0.15,0.01,1.06
0.15,-0.14,1.11
0.16,-0.06,0.98
0.12,-0.07,1
0.16,0.01,0.88
0.14,-0.04,0.94
0.12,-0.11,1.09
0.06,-0.13,1.2
0.04,-0.02,1.01
0.07,0.04,0.91
0.08,0.03,0.89
0.11,0.02,0.99
0.11,-0.1,1.14
0.09,-0.12,1.16
0.14,-0.15,1.11
0.13,-0.06,0.89
0.13,0.01,0.92
0.21,0.03,0.9
0.09,-0.03,1.04
0.15,-0.06,1.04
0.1,-0.02,1.01
0.07,-0.04,0.93
0.11,-0.14,1
0.11,-0.03,1.14
0.12,0.06,1.01
0.14,0.01,1.03
0.15,0.04,1.03
0.11,0.03,1.1
0.04,0.08,0.95
0.11,0.02,1.01
0.22,-0.04,1.13
0.19,-0.38,1.13
-0.06,-0.08,0.88
0.12,-0.22,0.95
0.03,-0.31,1.04
0.02,-0.11,0.99
0.04,-0.12,1.1
0.08,-0.1,1
0.09,-0.06,1.04
-0.01,-0.2,0.77
0.12,0.01,0.98
0.04,-0.02,0.95
0.18,-0.19,1.19
0.16,0.05,1.13
0.23,0.17,1.02
0.16,0.03,1.22
0.08,-0.06,0.99
0.12,-0.05,0.97
